customer_key,customer_name,customer_address,nation_key,phone_number,account_balance,market_segment,comments
1,Justin Lester,"136 Matthew Drives
Wintersfort, MH 78757",7,+1-921-787-0286x44703,3377.61,Segment_C,Certain stuff policy art beyond message.
2,Sarah Berg,"4693 Wright Expressway
Mccoyville, HI 94015",12,001-737-348-2575x99820,7448.79,Segment_B,Thing president daughter you.
3,Morgan Montgomery,"443 Brendan Ways
Ruizton, FM 95317",8,001-763-653-4089x8644,5180.36,Segment_A,Individual could sea loss member suggest simply.
4,Dustin Mullen,"Unit 2512 Box 7054
DPO AA 73338",20,+1-655-355-6816x7354,2860.37,Segment_C,Under almost woman society term staff.
5,Heidi Evans,"0497 Brandon Path Suite 742
North Matthewtown, DC 84617",6,+1-983-965-4143x396,1884.36,Segment_C,For produce middle capital million sing.
6,Tina Jackson,"88903 Allen Station Apt. 128
Lindaport, MS 57165",9,001-508-732-5379,390.08,Segment_C,None view seek grow truth individual bar.
7,Edward Mills,"329 Pamela Burgs
New Peter, MN 93485",2,+1-492-370-3493x7654,5398.06,Segment_A,Race interview popular age.
8,Kimberly Terry,"68177 Eric Burgs
Johnview, NC 34909",18,645-985-4642,2798.56,Segment_A,Their significant sometimes people.
9,Janet James,"6850 Jennifer Station Apt. 070
West Miguel, NY 07716",18,981.836.8353x609,8685.22,Segment_B,Person key skill those theory travel throw.
10,Michael Clark,"52679 Carter Roads
South Amyborough, NM 66328",15,001-642-243-9915x25433,2590.39,Segment_A,Summer whose local million social center.
11,Michael Rodriguez,"3063 Cox Road Apt. 864
Port Nicole, MH 33620",6,+1-380-414-4429x326,7725.95,Segment_A,Land someone south professor.
12,Sandra Rush,"4568 Christina Inlet
East Michaelberg, NH 43557",20,9366672571,1980.43,Segment_C,Miss affect enter more consider.
13,Colin Lewis,"2744 Wayne Junction
Lake Amberfort, IL 56643",9,2033418514,8876.14,Segment_B,Character organization practice her company style over accept.
14,Alexander Huff,"488 Gray Shoal
Joshuafort, MA 26226",16,+1-370-548-7678x976,9404.7,Segment_A,Suddenly radio specific bad machine degree.
15,Patricia Haynes,"5459 Brady Springs Apt. 639
Port Biancaville, HI 14910",18,982-908-4044x065,7604.31,Segment_C,Alone western employee small meet.
16,Rachel James,"753 Griffin Crescent Suite 608
Pearsonport, MT 05487",4,(438)662-8584x96732,5635.76,Segment_A,Time cold information draw.
17,Kaitlyn White,"918 Jason Mills
Alexishaven, DE 82283",16,+1-362-556-1258x94653,260.78,Segment_C,Impact lot trade smile.
18,Gregory Jackson,"PSC 1456, Box 1995
APO AP 25186",7,+1-408-406-0030x846,8001.17,Segment_B,Data upon sit about do yet feeling sing.
19,Ryan Buck,"096 Lisa Island
East Brandonfort, NE 87780",19,+1-345-759-6566x558,4366.72,Segment_C,White above lawyer goal.
20,Jose Michael,"USS Holder
FPO AE 35308",13,+1-919-583-9716x7951,6744.03,Segment_B,Book situation program song off sister and.
21,Jenna Floyd MD,"464 Stephanie Crossroad
West Emily, OR 05440",5,(303)249-8053,406.98,Segment_C,Everyone have seven color key same.
22,Amber Sullivan,"4034 Adrian Cliff
East Angela, WI 38118",13,+1-397-724-7919,5597.43,Segment_C,Perhaps modern first one.
23,Andrea Silva,"2064 Keith Alley Apt. 401
Bradleyberg, OR 74886",2,001-420-909-9807x99086,8468.39,Segment_C,Public front add test within far down.
24,James Murray,"3867 Colin Harbor
Kyleville, MI 66784",19,+1-479-516-1572,2244.59,Segment_B,Today leader call player middle message thank.
25,Margaret Roberts,"174 Kelly Cliffs Apt. 576
Danielport, GU 26492",3,885.902.2542,5843.49,Segment_A,Check above international marriage leave various.
26,Steven Valdez,"0190 Frederick Streets Suite 468
Brandonberg, VA 72915",1,265.665.7039,4092.89,Segment_A,Sport sister spring raise sign.
27,David Baker,"2189 Hayden Row
West Adam, FM 88008",1,(535)330-3487x9733,4186.21,Segment_B,Baby single world lay job even.
28,Raymond Wilson,"096 Julia Lodge
Port Jameschester, OH 61829",11,+1-240-559-6065x54996,9803.88,Segment_C,Rest religious nature serious hold off economic center.
29,Patrick Massey,"765 Bradley Hills
New Craigchester, IN 47552",18,820.365.0776,7755.08,Segment_B,Never chair behind choose leave do along their.
30,Jason Parrish,"161 Moore Walk Apt. 813
Port Andrew, PR 34058",19,(520)948-5634x947,8001.75,Segment_C,Idea serious heart mention.
31,Jordan Koch,"4484 Christian River
North Andrew, OH 28484",20,(513)501-5742x41109,4012.65,Segment_B,Nation left imagine audience rich information live.
32,Nancy Dorsey,"Unit 2612 Box 2137
DPO AA 18794",16,5192454508,1344.18,Segment_B,Time stock model against.
33,Andrew Castillo,"4668 Simmons Extension Suite 842
Lake Gabrielchester, NH 78118",7,(301)648-7844x92708,7087.45,Segment_C,Name foot sometimes.
34,Christine Shields,"8129 Justin Common Apt. 558
West Michael, SD 80408",11,934-228-6470x6921,4296.69,Segment_C,Policy report tell action magazine week point.
35,Jonathan Gomez,"6481 Amanda Tunnel Suite 694
Christinabury, WA 35494",15,(937)871-4865,4767.78,Segment_C,Summer worry various group building service.
36,Angel Moody,"1956 Allen Locks
Port Lisastad, WV 47411",1,(592)494-7242x915,3900.54,Segment_C,Share there section maintain.
37,Kevin Welch,"450 Daniels Mountain
Reidton, CT 73037",4,865-588-3718,7461.79,Segment_B,Sure start I improve international among peace coach.
38,Kimberly Buchanan,"64895 Mathew Port Suite 261
Simmonsmouth, HI 18797",8,2019038824,1977.14,Segment_B,Little spring can low local up share.
39,Raymond Cooper,"5160 Joel Avenue Apt. 954
East Richard, OR 63688",10,4824483233,1668.91,Segment_B,Speak number common instead.
40,Kayla Cole,"24828 Dave Fall Suite 391
Garciaview, VI 88779",18,+1-337-638-2531,6987.18,Segment_C,Black young green moment positive three.
41,Kristen Chavez,"5707 David Centers
Port Aliciaton, SC 61874",4,(520)965-6273,7452.71,Segment_A,Individual mouth price still hold house debate.
42,Michael Scott,"94663 Sara Run
Thomasborough, SC 95921",9,592.864.2435x8539,7853.91,Segment_B,Executive think character into but half.
43,Barry Chavez,"1977 Regina Dale
New Mark, MO 62504",13,001-467-808-0522x686,2214.05,Segment_C,Break ready figure produce receive data bag.
44,Robert Green,"9464 Jessica Estates
Ronaldville, ID 99806",12,001-777-943-1506,5015.4,Segment_B,Writer herself just professor.
45,Richard Frazier,"22840 Randall Dam
Doughertyfort, NH 67139",3,001-417-840-4414x69285,3056.81,Segment_C,Leave against put institution recently eat.
46,Krystal Vazquez,"2228 Rebecca Lodge
Melindaland, NE 72994",11,(335)276-6510x8138,4004.58,Segment_C,Because positive these both interesting read outside economic.
47,Brett Lin,"8248 Alfred Causeway Suite 970
Port Thomas, VA 59719",19,+1-738-465-6942x477,6897.85,Segment_B,Even I test which establish.
48,Lindsey Erickson MD,"89454 Melissa Spring
South Tracy, PR 72939",14,(266)802-5985x586,5532.94,Segment_B,Deep happy include total next believe.
49,Debra Alvarez,"11804 Martin Highway Suite 946
Lake Miguelshire, NH 49886",15,+1-242-673-4687x767,644.22,Segment_C,Property worry start despite peace.
50,Angela Ramsey,"6579 David Corner Apt. 947
Port Mathewburgh, RI 24089",17,+1-498-277-6963x92402,3802.15,Segment_A,Compare specific six glass security.
51,Vincent Kane,"272 Harris Well Apt. 159
New Lori, WY 97410",12,8424240632,4575.43,Segment_C,Quickly she often hand wrong mind.
52,Jason Gill,"22103 Reynolds Tunnel Suite 729
South Nicoleside, OK 05893",8,207.923.9554,2539.83,Segment_C,Long television him.
53,Douglas Barnett,"202 Montoya Neck Suite 235
Allenmouth, MA 01378",1,(975)524-5072,2198.04,Segment_A,Record fall create national south decade agree.
54,James Taylor,"Unit 1084 Box 2130
DPO AA 90904",19,001-264-280-8266x037,8445.29,Segment_B,Really color will get study find hard.
55,Mary Finley,"21507 Price Rue Apt. 759
Traceychester, NC 15235",19,911.781.4803x81341,9435.83,Segment_C,Trial where art a.
56,Donald Clements,"35588 Owens Highway
West Christine, OK 83918",8,330.677.4333x82771,1064.4,Segment_C,Catch focus early customer force.
57,Carrie Edwards,"1412 Derrick Road Suite 922
Baldwinshire, OK 27218",2,(493)744-9985x742,2853.05,Segment_C,Peace easy guess shoulder old when season.
58,Jennifer Wyatt,"8659 Robinson Meadow
New Jeremyfurt, VA 69206",20,337.425.1781x54629,253.59,Segment_A,Step into keep employee.
59,Tara Wright,"1372 Jennifer Passage
Lake Fernando, TN 43734",3,434-714-2135x49028,5157.41,Segment_B,Term billion list adult theory general.
60,Brandon Sanders,"1428 Chang Rue
East Christian, ID 02316",3,(776)224-3091x1578,1392.64,Segment_B,Source collection production final protect this.
61,Mrs. Rebecca Perez MD,"4525 Scott Falls
Hannahfort, MP 96130",15,+1-940-477-4379,2187.93,Segment_A,Road total arrive story their pull evening.
62,Michele Flores,"Unit 5826 Box 7509
DPO AA 20007",1,001-952-556-0262x5076,3067.45,Segment_C,Unit expect evidence public agreement.
63,Christina Terry,"84427 Bryan Courts Apt. 574
South Jaclynfurt, ID 51212",18,506.964.7474,4044.99,Segment_C,While happy determine decade.
64,George Powers,"4016 Anthony Lock
South Samantha, WV 04936",4,001-960-791-4258x05032,635.92,Segment_A,Society exactly meet race author hot.
65,Andrew Lang,"54112 Buchanan Greens
Michaelport, ME 88415",19,(867)866-0486x729,2376.99,Segment_B,Piece control must.
66,Daniel White,"3250 Schaefer Villages
Lake Jamesstad, OH 20720",12,001-617-519-6552x877,9972.51,Segment_A,Sit study yourself provide share.
67,Susan Mccullough,"18944 Danielle Cove
East Joshualand, ND 83755",5,+1-810-616-5446x2921,1206.65,Segment_A,Free when as.
68,James Olson,"6532 John Spurs
Ronaldchester, FL 20983",4,(773)261-1011,2792.89,Segment_C,Name well charge political add debate.
69,Kyle Gonzalez,"563 Alexis Garden Apt. 683
Lake Michaelfurt, UT 12894",17,457.697.4492x64987,5216.41,Segment_B,Program light so pattern.
70,Michael Williams,"8971 Smith Streets
Bonnieton, ND 72856",2,+1-601-590-0864x962,8275.66,Segment_A,Main rule vote manager.
71,Andrew Cooper,"Unit 6814 Box 2335
DPO AE 81153",4,001-860-401-2749x301,4904.67,Segment_B,Beyond feeling six medical.
72,Alexander Rosales,"95788 Donald Way
Lake Nicholashaven, PA 14021",4,7606408890,1906.88,Segment_A,Interest soon often take red art street if.
73,Denise Johnson,"7525 Sally Cliff
Barronstad, MN 01559",2,7188223826,5529.41,Segment_C,Home so day degree often a that.
74,Kaitlin Harper,"383 Massey Forks Suite 530
Martinview, NJ 68542",5,5865097894,876.36,Segment_A,Staff situation our tax head into movement should.
75,Jennifer Terry,"039 Alexander Way
South Lisaland, IA 55562",3,753.864.4224x39992,1138.69,Segment_B,Return candidate mother off rock.
76,Stephen Roman,"6839 Vincent Forks
New Nicole, RI 37005",17,4093626210,6972.52,Segment_A,North bring fast wait level name so.
77,Laura Brown,"4399 Christensen Extensions
Port Denisestad, TX 04400",5,844-272-7271x50141,2868.06,Segment_A,Recently trip discuss loss relate only.
78,Sean Lewis,"46660 William Curve
Port Jeffreyland, FM 89928",2,724.243.5396,9846.02,Segment_B,Physical star it paper TV cultural forget.
79,Phillip Baker,"29717 Mitchell Path Suite 969
South Karenfort, AL 44084",17,803.697.4967,4299.63,Segment_B,Help something current past.
80,Walter Miller,"54574 Stacey Summit
West Melindafurt, AL 68147",4,001-957-388-3934,9902.55,Segment_A,Hospital show doctor brother indicate can charge.
81,Miranda Mueller,"6085 Adam Keys
Wardshire, VA 90932",9,716-863-9496x31113,1545.41,Segment_C,Program discussion notice tend candidate somebody modern where.
82,Jason Brown DDS,"459 Anthony Corners
Davidfurt, IN 82360",11,563-659-7364,5894.92,Segment_A,Reason computer voice article.
83,Stephen Stevens,"9038 Brenda Points
Paulland, MO 61489",9,595-946-7963x219,2080.46,Segment_B,Call throughout rock daughter read receive national news.
84,Barbara Contreras,"0649 Phyllis Brook
Deniseland, CT 69459",12,+1-318-588-3441x0607,9219.46,Segment_A,Group speak radio heavy.
85,Steven Manning,"59496 Mejia Turnpike
Perezside, KY 13972",9,(779)761-5805,5374.93,Segment_B,Notice certainly fine pick final cultural region.
86,James Dixon,"56507 Blair Crest Suite 515
West Laura, PW 75837",3,215-258-6564x33612,9235.12,Segment_C,Learn service work old magazine staff education.
87,Wayne Powers,"27891 Casey Cove Suite 633
North Williamborough, GA 47258",8,920-227-8344x14409,4830.62,Segment_B,Manager he since accept budget moment economy young.
88,Jonathan Nelson,"Unit 0463 Box 9835
DPO AA 11553",14,001-340-438-3391x4280,6826.74,Segment_B,Quality medical several book suffer.
89,Ellen Alvarez,"65391 Emily Oval Apt. 817
Obrienstad, WY 48322",15,001-256-269-9294x5795,3695.36,Segment_C,Involve of way trip.
90,Jennifer Nguyen,"441 Smith Stravenue Apt. 736
Haydenland, TX 53961",20,+1-477-824-6643x57247,2143.83,Segment_B,Resource garden but action main only just.
91,Derek Thompson,"469 Perry Gateway
Port Destinyshire, IN 72940",20,(420)868-1851x39811,4666.98,Segment_B,Program mean option deep food now fill.
92,Rebecca Pacheco,"6018 Harris Crossing
Nguyenburgh, NC 04744",14,443.865.0970x3989,5030.14,Segment_C,Best west it fund general successful management.
93,Ronald Gordon,"12389 Walker Knolls
Edwardston, RI 98883",10,+1-917-868-6675x463,8040.21,Segment_A,Live you kitchen discover cut.
94,Paul Russell,"63470 Savannah View Apt. 490
South Shanehaven, MH 75864",4,(904)724-5053x30763,8824.24,Segment_B,So style toward art president.
95,Ryan Sanders,"084 Jeffrey Stravenue
Port Christophershire, AL 49298",6,(698)723-6281,6775.52,Segment_C,Conference beyond color standard forward offer.
96,David Cowan,"9402 Young Via
Archerbury, CO 88731",17,465.781.5228x37346,3725.39,Segment_C,Last effort others decade.
97,John Gonzalez,"36342 James Ways
North Kennethchester, ND 77605",12,563-453-5822x690,7046.76,Segment_A,Shoulder everyone fight suggest shoulder later several morning.
98,Jason Costa,"34810 Johnson Lake
New John, PA 16944",4,578.913.8626x830,3460.53,Segment_C,News heart suffer.
99,Brian Callahan,"16201 Michael Valley Apt. 088
East Stacey, MA 39507",5,409-771-8357,3762.73,Segment_A,Industry interest here this wear share world in.
100,Amy Coleman,"662 Stacie Island Apt. 192
Jerryville, NV 72906",9,+1-534-767-3575x8612,1602.55,Segment_B,Election plan because today.
101,Dennis Carter,"2290 Baker Falls
New Carrieview, NV 32313",15,(206)510-3246x3348,3505.0,Segment_B,Car design hear better understand.
102,Gary Price,"0607 Williams Spur
North Matthew, MI 91382",12,248.329.3075x8394,2776.79,Segment_A,Today wear Mr Mr.
103,Kelsey Smith,"8038 Griffith Lakes Apt. 957
Port Helen, MH 08453",12,236.213.2156x105,2284.22,Segment_A,Mind each picture clear new benefit mind.
104,Joseph Singh,"2896 Chen Coves Suite 504
Kristineberg, PW 53810",17,9425982104,5698.08,Segment_C,Start about effort cost.
105,Mary Hines,"660 Logan Ports
North Melissa, IN 34694",14,542-429-7415x273,6731.3,Segment_A,Out although few they again.
106,Mike Henderson,"6136 Samuel Field
Parkburgh, CT 31993",6,267.424.2535,920.73,Segment_A,Pick message from somebody compare investment service.
107,Matthew Hahn,"8469 Poole Ramp
Victoriaville, HI 80575",4,2512224068,9304.39,Segment_A,Represent research and kitchen cover unit.
108,Stephanie Bruce,"51153 Tyrone Point
Buchananton, FM 90051",19,219-901-0426x6499,2007.6,Segment_A,Instead investment experience apply claim will job.
109,Robin Black,"038 Noah Cliff Suite 135
Justinchester, MA 22026",18,272.887.3354,5184.1,Segment_A,Environmental teacher family per letter operation.
110,Latoya Stewart,"5365 Moore Cliffs Apt. 793
South Davidmouth, TX 59533",13,557.785.6239x42282,4219.92,Segment_C,Approach your off subject computer company parent.
111,Katie Hernandez,"29260 Anderson Knoll Suite 232
Pittsside, SD 72522",1,(762)683-3736x135,1381.93,Segment_B,Standard president news morning event class.
112,William Harris,"91743 Heather Estates
Foxshire, CO 57285",6,565-248-6382,820.42,Segment_A,Rock degree because which present still.
113,Alexis Kane,"Unit 0564 Box 1852
DPO AP 37783",5,623-602-8999,9298.18,Segment_B,Very reason agree first decision.
114,Kimberly Graham,"9881 Bryan Wall
East Katrina, OK 99174",12,338-820-8556x373,1412.11,Segment_A,Itself election identify piece wall audience.
115,Crystal Ingram,"626 Kylie Lock
Baldwinberg, KY 92861",2,6899462198,6741.91,Segment_C,Could care language more someone.
116,Daniel Mendoza,"324 Tonya Rapids
Port Sarafort, NJ 62424",18,(282)222-2986x0894,4613.44,Segment_A,Energy on stock key thought.
117,Patrick Byrd,"182 Little Mill Suite 029
New Kara, PR 62151",18,+1-494-581-1148x04544,4477.73,Segment_C,Call short above federal relate particularly.
118,Jason Diaz,"8686 Pacheco Gateway Apt. 145
Lake Jasmine, CA 78214",12,285.847.0099x743,6758.08,Segment_C,Site respond stay trial team.
119,George Stewart,"1161 Gallegos Mountain Apt. 000
Port Kyle, MS 22820",18,(575)202-0792x48033,2812.4,Segment_B,Commercial rest upon site detail tree plant.
120,Jacob Lopez,"820 Reese Union
Port Glenn, FM 67379",4,669.687.4043,9335.14,Segment_A,Company relationship tough budget kitchen.
121,Kara Gomez,"1300 Fischer Fork
Pricetown, AS 56617",2,(634)902-4091x939,6850.9,Segment_C,Account fear me yes particularly us.
122,Timothy Garrison,"849 Welch Points
Karenton, AS 81921",10,5328830139,3413.02,Segment_A,Minute seek well.
123,Christine Adams,"86384 Torres Path
New Kendra, WV 03482",15,584.713.3724x35679,935.97,Segment_A,Bag fire forget lawyer.
124,Deborah Ramirez,"9752 Coleman Forges
Port Rachel, AK 06725",19,+1-362-324-8351,7846.24,Segment_A,Southern natural plant.
125,Amanda Erickson,"65241 Sonya Flats
Suzannestad, IL 42784",4,588-727-4424x5023,2620.61,Segment_A,White same sea today change sport fly.
126,Sandra Green,"59442 Duncan Orchard Suite 499
Walkerside, MA 49074",6,(201)233-5176x89602,3558.03,Segment_B,Open third wear better.
127,Jennifer Kim,"12947 Carney Junction
Leachville, IL 96035",8,001-329-559-3581x627,825.81,Segment_A,Option accept fly cold majority off.
128,Michelle Clark,"806 Stephen Loaf Apt. 462
Angelafurt, DC 12993",13,311-672-4285,5087.38,Segment_A,Foreign water it field important join.
129,Isaiah Yang,"3701 Mathis Skyway
Jennifertown, NY 32370",17,732.387.2583x43295,6660.42,Segment_C,Within interesting condition art impact night pay no.
130,Michelle Dean,"073 Vasquez Port Suite 605
Danielschester, AS 31853",4,+1-545-652-2456x270,474.52,Segment_A,Let would them store staff.
131,Kara Dominguez,"039 Jones Island
West Michael, DE 52732",5,4355283261,6061.19,Segment_B,Fall establish series down.
132,Kaitlyn Wallace,"2223 Mcconnell Squares Apt. 658
Jodistad, CA 44797",12,914.607.1680x8484,8226.27,Segment_B,Actually that break administration.
133,Shannon Caldwell,"USS Moreno
FPO AP 17025",3,508.764.3432x7964,8242.57,Segment_B,Mother subject tree sort.
134,Ryan Waters,"2230 Edward Summit
South Michaelview, SC 66508",5,440-415-6307,1233.7,Segment_C,Environment stage future bring tax final themselves.
135,Angela Yang,"396 Joseph Green Apt. 778
Swansonville, OR 20646",5,593-436-7627,3484.15,Segment_A,American total enjoy like.
136,Sandra Robertson,"239 Moore Gardens Suite 021
Craigshire, KS 15435",3,(814)594-6615,1383.21,Segment_B,Light thus why policy leader.
137,Steven Snow,"203 Garcia Village
Port Cynthia, MT 07292",4,001-224-843-2008x4322,823.68,Segment_A,Drug third effect relate carry most staff scientist.
138,Christina Patterson,"28739 Tate Park
Kristentown, OR 62001",10,001-474-268-5113x71809,5193.99,Segment_A,Price author size father home major defense.
139,Catherine Craig,"1587 Armstrong Summit
Michaelton, FM 58307",7,603.690.5216x434,3728.93,Segment_A,Sometimes financial both what.
140,Tony Dennis,"2727 Christopher Spring Apt. 948
New Debra, NJ 71220",5,715.968.7662x417,5848.35,Segment_B,Oil skin meeting.
141,John Ramos,"00003 Murray Route Suite 309
Millerbury, VT 22704",4,640.984.1804,4196.69,Segment_A,Candidate rich by group concern nice sound yourself.
142,Christopher Hernandez,"49387 Allen Club
East Thomasfort, VA 42477",5,6654112592,2530.48,Segment_C,Majority because include behind.
143,Donna Lee,"3711 Reed View Apt. 969
Robinsonfort, DC 59945",17,+1-865-212-1549x1525,5749.37,Segment_B,There never figure.
144,Heather Tate,"PSC 2069, Box 1552
APO AP 10067",6,(461)852-4363,809.27,Segment_B,Body remain positive me leave wall.
145,Keith Montes,"Unit 0992 Box 7590
DPO AE 98129",10,656-746-2290,6805.08,Segment_C,Drive animal example soldier her.
146,Gregory Gonzalez,"607 Matthew Motorway
Andreaview, IN 73052",1,4517770501,8026.76,Segment_A,Score force example book.
147,Megan Cannon,"3996 Lee Fields
East Jennifer, TN 99523",17,001-478-482-1460x5303,6457.66,Segment_B,Ago throughout through.
148,Joseph Robinson,"721 Spencer Mountain
West Melanieside, KS 15185",3,(673)882-5471,2684.65,Segment_C,Spend order less response.
149,Matthew King,"8094 Guy Route Apt. 249
Charlesshire, KS 10396",1,+1-491-357-0262x378,15.62,Segment_C,Much benefit inside indicate bill certainly.
150,Dustin Palmer,"419 Brenda Terrace
East Bruce, WI 01612",11,+1-878-801-2330,1007.12,Segment_B,Role walk teach piece high then.
151,Anthony Lucas,"32116 Morgan Freeway
East Bryanmouth, IL 39968",14,+1-975-274-4376x5513,3433.01,Segment_A,Society nation go.
152,Laura Taylor,"9115 Wells View
Lake Dawn, CA 01920",4,2928090106,1798.19,Segment_C,On necessary present serious per especially friend play.
153,Robert Burgess,"8930 Russell Brooks Apt. 130
Perryburgh, NE 15008",7,001-247-237-7405x9416,5018.79,Segment_A,Discussion article television.
154,Robert Johnson,"2209 James Ports Suite 715
West Richard, NE 50081",13,001-460-865-4198,9461.65,Segment_C,Lead entire southern bar mind.
155,Mary James,"7001 Howe Ford Apt. 173
Port Joport, NV 24572",18,794.600.2394,4332.55,Segment_C,Reason produce strong move.
156,Kaitlin Jones,"28575 Collins Station Apt. 813
North Christopher, FL 66734",1,+1-303-523-4020x60871,4457.14,Segment_A,Street Congress who new.
157,Daniel Kelly,"607 Kathleen Parkways
Paulchester, MD 14446",4,822-336-0163x4224,5318.21,Segment_C,Nice budget and idea.
158,Elizabeth Williams,"655 Cox Knolls Apt. 319
South Kurt, NJ 45065",3,(465)517-7236x296,8980.31,Segment_C,Fear measure animal ground yard.
159,John Palmer,"794 Barnett Walks
South Brandi, OH 73898",3,634.445.3664,6279.07,Segment_A,At movie ask behind great defense development way.
160,Deborah Ferguson,"375 Wright Trafficway Apt. 153
Pereztown, IL 15769",4,001-522-780-9037x81592,2417.77,Segment_A,National fish become product very.
161,Laura George,"200 French Inlet Suite 217
Lauraburgh, NJ 94805",1,(454)629-4162,1952.76,Segment_B,Wind series race season building happy.
162,Robert Holt,"881 James Fort Apt. 372
Katherineport, VI 08747",15,001-266-268-5875,4134.98,Segment_C,Politics effect nice garden.
163,Donald Bruce,"97288 Teresa Loop Apt. 455
Port Joelland, FL 50770",14,001-791-473-3732x3066,7269.48,Segment_B,Carry mother partner reduce list leader true.
164,Candace Cochran,"48830 Daryl Corners
Herbertport, ME 76271",10,399.729.1652,1953.55,Segment_B,Prepare seven recently PM anything.
165,Lori Stout,"432 Kathleen Plains Suite 050
Lake Sarahtown, AZ 17911",9,(993)278-1679,1116.09,Segment_C,Kitchen step story always.
166,Patrick Francis,"8915 Hopkins Locks Apt. 895
New Stephaniehaven, DE 16974",17,+1-414-444-1188x94771,9529.86,Segment_A,With admit operation two thus.
167,Stephen Turner,"479 Davis Parkways
West Thomasville, ND 94034",3,+1-373-396-0481,8645.96,Segment_C,Lose way few identify several.
168,Karen Watson,"286 Angela Prairie
Michaeltown, LA 71401",10,439.473.5214,2042.32,Segment_C,Able forget stuff reveal.
169,Eileen Gross,"9497 Ryan Point Apt. 119
Jamietown, KY 14886",6,6834713186,1646.78,Segment_A,Class bad book term increase bar.
170,Mr. Roger Carter MD,"431 Paul Walks
Washingtonborough, AS 54248",5,752.827.6174,4338.76,Segment_A,Real another send direction though myself.
171,Sherri Miller,"3359 Strickland Park Suite 463
East Charlesside, MO 23057",19,(728)270-7442x8179,3244.81,Segment_C,Possible style work.
172,Melissa Powell,"73655 Wallace Trail
Lake Alexburgh, TN 39460",13,001-562-773-2794x031,6035.23,Segment_A,Hard southern inside southern strong simple early.
173,Kenneth Lawson,"8293 Nelson Prairie
Elijahfort, NV 80090",1,+1-527-560-8727x260,7580.01,Segment_C,Well loss eight well.
174,Juan Boyle,"3852 Sharon Square
North Cynthia, MH 22963",14,403-417-5626,6814.62,Segment_A,Red build police decide course none.
175,Nicholas Jackson,"22322 Walton Rest Apt. 867
Ramirezfurt, UT 29816",16,734-915-9087,1922.07,Segment_B,Project wide nor never matter catch suggest art.
176,Nicholas Baird,"9555 Williams Rapids
Theresafurt, NM 87131",7,990.792.1016,6508.39,Segment_C,Also politics section manage Democrat.
177,Katie Hawkins,"873 Martin Village Apt. 683
Lake Mariaville, SD 08986",7,001-996-721-1928x25037,5968.73,Segment_B,Officer current chance garden training.
178,Sean Brown,"510 Kelly Grove
East Juanville, MO 06198",13,+1-872-657-0151x74859,1721.19,Segment_C,Remember probably most contain another.
179,Savannah Ballard MD,"4622 Owens Roads
New Christopherburgh, AK 60282",18,412-815-8131x33905,2415.95,Segment_A,Various get rock deal pattern much first middle.
180,Jeanette Davis,"86684 Jackson Locks Suite 811
Lake Charlesview, MT 73447",9,+1-724-855-0283x4897,4580.34,Segment_C,Name run little.
181,Adam Myers,"30021 Wright Spurs Apt. 431
Jamesborough, VT 70255",3,2837415212,374.45,Segment_A,Travel this camera visit must recent tree.
182,Samantha Pearson,"0148 Holmes Way Apt. 808
Port Jasonton, AR 48700",17,001-912-369-3100x3862,7705.51,Segment_C,Low design street floor.
183,Megan Martin,"46028 Matthew Pines
Carolynmouth, MP 35627",10,464.696.6510x22811,6722.28,Segment_C,Group within report deep century.
184,Terry Taylor,"9757 Calderon Viaduct
Laurieport, FM 89627",9,860.581.2906,1024.47,Segment_B,Sell expert increase sport better late.
185,Ashley King,"USNV Torres
FPO AP 98101",11,(478)256-5741x17975,7973.94,Segment_A,Under lawyer cell process or.
186,Jeffrey Clark V,"78556 Peterson Trail
Adrianshire, ME 10703",15,866.490.7865x6093,9176.15,Segment_B,Throw become expert soon.
187,Teresa Gray,"2655 Kyle Port
Kristenstad, NC 49602",11,247-494-8118x8586,2548.16,Segment_C,Various conference thank performance none interesting one person.
188,Sarah Hansen,"056 Smith Trace Apt. 682
Morrisport, MS 63026",12,997-751-4977x1611,6115.3,Segment_C,Part two difficult more too ahead life day.
189,Kenneth Tapia,"14473 Anthony Tunnel Suite 536
Lake Amanda, VI 35192",20,(811)681-6679x87543,5528.84,Segment_C,Song trip prepare past field amount owner big.
190,Jonathan Martinez,"47372 Richard Stream
North Elizabeth, PW 18176",15,(262)399-0178,3339.12,Segment_A,High out could food house responsibility.
191,Patrick Fischer,"0386 Hopkins Pike
Kellystad, VA 83025",11,+1-847-834-3129x9855,6952.99,Segment_C,Model step into world.
192,Alicia Chavez,"6933 Bean Springs
East Sean, AR 22038",18,(273)314-9007,8633.94,Segment_C,She model ball his factor.
193,Shawn Gordon,"39717 Mathis Manors Apt. 795
New Darlenetown, AS 04507",15,+1-288-521-5788x932,5505.57,Segment_C,Represent college its interest.
194,James Cuevas,"665 Marsh Hill
Port Steven, MI 48355",8,+1-308-873-1595x7158,6194.38,Segment_C,Tough spend key different author.
195,Ashley Collier,"104 Carter Pass
Edwardsburgh, NM 09835",12,477.993.4293,6798.58,Segment_C,Majority letter cover determine evidence glass.
196,Douglas Tran,"3559 Hull Light Suite 846
Lake Kimberlyberg, DC 43539",6,001-493-664-3235x679,4344.97,Segment_B,Ability because usually gun able.
197,Michael Collins,"52013 Goodman Overpass Suite 828
Lake Jared, NY 15515",10,+1-531-620-2356x84449,8543.76,Segment_A,Give institution shoulder short note receive.
198,Christina Ho,"20382 Jason Road
Diazmouth, AZ 18304",7,679.622.8629x8206,8208.42,Segment_C,Against those product fill.
199,Eric Reynolds,"307 Allen Mountain
Lake Jameschester, VT 24646",12,(585)309-0240,160.96,Segment_B,Carry science collection full wonder.
200,Travis Stokes,"2121 Logan Prairie
North William, IA 20734",5,001-783-836-3820x48327,1876.32,Segment_A,Force number suddenly check accept.
201,Stephen Baker,"501 Eric Lodge
South Laura, IA 07272",14,492-471-6553,1669.18,Segment_B,Couple enjoy go million.
202,William Sanchez,"01324 Farrell Bridge
West Barbara, NC 15768",6,(523)964-3197,8847.16,Segment_A,Public would truth follow let stop already.
203,Antonio Porter,"589 Ashley Centers Suite 131
Lesliebury, PW 62910",17,(641)917-7354x873,3815.69,Segment_A,Feel able trouble probably.
204,Maria James,"02192 Crystal Forks Apt. 930
Joycetown, AZ 17688",13,597-869-7408,3881.82,Segment_A,Federal cut fast industry.
205,Marcus Smith,"981 Cruz Field Suite 659
East Donaldmouth, KY 08055",12,(826)769-1386,4094.66,Segment_B,Common want participant south.
206,Richard Curry,"USCGC Webb
FPO AA 88544",20,001-537-217-5520x2279,5477.2,Segment_A,Kind participant stay high.
207,Dominique Green,"079 Cisneros Cape Suite 827
Cruzberg, VI 07241",4,272.203.4683,6239.4,Segment_A,Partner knowledge perform.
208,Terry Perez,"8413 Lindsey Junction
New Richard, NV 27277",17,(606)502-3646x1794,8083.52,Segment_B,Smile last not site expect late.
209,Rebecca Meadows,"75335 Thomas Island Suite 014
Josephfurt, SC 92117",18,816.394.0798x5153,7982.69,Segment_A,Parent political prevent those.
210,Laura Daugherty,"23522 Wood Islands
West Sarahville, TN 77785",6,(961)625-3758x4940,3427.22,Segment_A,Better unit machine message election stand of.
211,Courtney Wood,"Unit 3326 Box 2761
DPO AP 70964",5,+1-883-599-0676x87435,8606.93,Segment_C,Reduce make practice painting nature main.
212,Angela Willis,"806 Peggy Crest Apt. 550
New Shawnmouth, TN 72208",8,630.560.7521x7192,9659.22,Segment_B,Feeling door candidate street choose.
213,Emily Schmidt,"Unit 9977 Box 8346
DPO AP 01022",5,(398)347-4511,3425.05,Segment_A,Others pattern interest.
214,Kevin Jenkins,"21474 Linda Isle
Lake Jessefort, CT 63721",20,001-634-396-9337,7870.93,Segment_B,Trade form hope guess town yeah church.
215,Daniel Bryant,"Unit 7297 Box 3899
DPO AA 03172",10,001-847-211-7287x9052,830.89,Segment_A,Sing matter several member next turn entire.
216,Angela Hale,"196 Susan Shores
South Elizabeth, MD 90762",5,001-614-387-8792,2304.62,Segment_B,Sport thought may you program too stage.
217,Margaret Guzman,"70645 Wong Mill Apt. 287
Robertberg, KY 27488",20,001-639-236-4061x3667,5234.88,Segment_A,Care some music hear.
218,Erin Reed,"944 William Creek
Crosbyborough, VA 64371",9,821-418-9403,2171.53,Segment_C,Later boy particularly newspaper.
219,Steven Bates,"53307 Carter Cliffs
Smithview, NV 12581",8,603.228.5778x0627,8851.0,Segment_A,Wife network apply.
220,Linda Harris,"577 Danny Corners
Melissaborough, NE 96787",7,+1-840-920-4297x983,5034.41,Segment_C,Clearly himself security small.
221,Trevor Mullins,"2603 Cindy Street
Wagnerton, IN 56949",10,001-982-898-5984x82976,3957.54,Segment_B,Number direction product friend.
222,Ricky Castro,"27458 Matthew Manors
New Jose, GU 62444",4,001-729-390-0813x354,3044.44,Segment_A,Office thousand buy but across.
223,Mikayla Little,"70513 Gregory Pass Suite 843
West Taylorfort, WI 35934",15,455-844-1229x88459,9017.21,Segment_A,Me account those trade respond.
224,Allen Pierce,"0554 Turner Isle Suite 421
South Jennifer, MP 30167",1,201.856.4475x89276,9916.03,Segment_A,Everybody international fact challenge meeting capital.
225,Mary Contreras,"84310 Michael Extension
East Nicholas, FL 77460",10,001-411-468-7416x721,5557.37,Segment_A,Special though scientist.
226,Stephanie Stevens,"038 Perkins Path Apt. 825
Kingmouth, NC 36129",3,+1-327-822-5133x322,6697.13,Segment_B,Event mouth expect style.
227,Deanna Edwards,"PSC 2480, Box 7526
APO AE 52431",19,(790)308-0862x685,5406.21,Segment_A,Left long whom yard pattern safe.
228,Derek Russo,"Unit 4722 Box 2728
DPO AP 08531",15,(502)719-0712x231,191.89,Segment_B,Positive partner party thus these key apply foot.
229,Kendra Floyd,"6623 Rivera Inlet Suite 669
New Gina, MI 33487",6,001-565-521-3729x9146,6622.53,Segment_C,Arm whom young history difference nice full.
230,Mary Cooper,"4932 Collins Cliffs
North Richard, FL 37958",5,+1-834-472-4410x747,325.5,Segment_A,Some family debate.
231,Debra Trujillo,"424 Sanchez Forest
Bennettburgh, NH 46756",2,886-694-0947,7441.69,Segment_C,Partner care program.
232,Yolanda Ryan,"9794 Maddox Falls
New Arielmouth, WI 70740",13,543.989.1372x9569,4701.63,Segment_A,Allow explain small magazine lot.
233,Megan Herman,"6949 Coffey Ports
Justinfurt, PA 55113",12,001-948-334-4080,1832.21,Segment_B,For hope system.
234,Cynthia Kaiser,"69752 Kelly Circles Apt. 451
Hollychester, NH 65833",2,542.448.4501x6226,3560.86,Segment_C,Center work smile start front ground government involve.
235,Amanda Gutierrez,"558 Cheyenne Roads
North Jeffrey, AK 13868",15,967.605.5720x9990,7315.92,Segment_C,Large style few tonight most she who.
236,Nicole Valdez,"51528 Cruz Neck
Danielfurt, PA 88765",9,726-481-6946,9033.71,Segment_A,Read garden alone memory general he suggest himself.
237,Melinda Stanton,"682 Hunter View Suite 462
Haleyport, NM 97495",13,+1-317-626-5946x739,2061.88,Segment_B,Why some show agree interest.
238,Nancy Howell,"6927 Cody Route
East Lisa, NE 66169",4,+1-860-470-4855x231,1068.61,Segment_A,Must their whatever simple either sing scene.
239,Madison Rogers,"56043 Courtney Views
Kathrynstad, NE 72529",18,001-459-615-9924x918,1832.14,Segment_A,Real home program include challenge.
240,Lori Johns,"95444 Dennis Light Apt. 370
South Daniel, WY 21093",12,001-704-927-3959x3723,5795.75,Segment_B,Parent support bring perform.
241,Kathryn Hughes,"828 Murphy Glens
West Tammy, CA 27860",18,(210)854-4293,8127.41,Segment_B,House space culture interview.
242,Roberto Tucker,"16564 Nathaniel Mission
Lake Hollyburgh, NM 45371",4,+1-410-760-6811x39425,1784.06,Segment_A,Tax those remain network.
243,Kaylee Mullen,"3095 Powers Station
North Ashleyburgh, MH 67887",1,582.227.7167x9255,825.06,Segment_C,Opportunity especially movement life front some.
244,David Bell,"333 Mitchell Oval Apt. 266
Hodgesport, MH 21556",13,001-930-882-3736,1647.34,Segment_B,Long common wife public information see.
245,Shannon Johnson,"0044 Wilson Forest Apt. 033
Port Lawrence, ND 22511",9,+1-379-751-0204,3108.98,Segment_B,Bed office book accept.
246,Tony Jackson,"2583 Rose Harbors
Charleshaven, MS 34048",12,001-843-373-0344x945,780.24,Segment_C,Field carry close agree seven.
247,Jeffrey Johnson,"87126 Ellis Parks
Carolshire, AK 34482",14,(780)437-2531,5524.58,Segment_C,Article some section summer.
248,Mark Obrien,"99702 Anna Villages
East Miguel, FL 66646",9,2185648743,1110.81,Segment_B,Positive senior art Mr happy seek candidate.
249,Lisa Hudson,"PSC 9702, Box 4547
APO AE 63054",11,+1-879-774-8827x1168,5486.45,Segment_B,Allow know difference race know out air.
250,Jessica Collins,"6007 Corey Corner Apt. 710
Smithburgh, RI 22905",5,001-514-821-0249x19384,5818.36,Segment_B,Modern suffer face study president store.
251,Mrs. Sarah Ortiz,"827 Kevin Prairie
South Todd, HI 49265",14,259.936.3341,2516.93,Segment_C,Since for window.
252,Kathryn Luna,"36922 Kelli Ramp
East Royfurt, MH 77989",4,+1-667-374-7581x150,6148.75,Segment_B,Your development shoulder coach expert summer.
253,William Miller,"8115 Townsend Land
Tracyport, MT 07106",11,875-440-0194x37370,811.31,Segment_B,Firm himself any traditional.
254,William Dean,"895 Gonzalez Rest Suite 482
Beckerhaven, UT 43597",15,(760)784-8984,2100.39,Segment_A,Less no teacher avoid pattern.
255,Jared Lee,"738 Mike Path
Davidland, IA 06304",4,6008817318,5663.06,Segment_C,Hair hear us.
256,Sharon Zimmerman,"34977 Davies Via
Port Breanna, SD 61936",8,693.761.1071x0973,1343.72,Segment_B,Us majority chance trade message writer remember take.
257,Judy Rodgers,"Unit 1657 Box 7179
DPO AE 85461",7,4887599778,6307.3,Segment_A,Bed along station carry everything pull.
258,Lisa Hill,"952 Larsen Unions
New Shannon, MS 61484",7,491.997.6045x979,922.77,Segment_B,Mrs a memory most.
259,Brianna Coleman,"Unit 4516 Box 3978
DPO AP 67867",20,001-274-594-4826x755,5665.96,Segment_C,Address determine building TV feeling from.
260,Bradley Miller,"3552 Hill Rest
Tracytown, IL 86571",15,221.641.3304,631.77,Segment_A,Field option finish big who.
261,Laura Garner,"248 Green Harbors Apt. 238
Cherylchester, KY 99865",5,421-709-2720,8697.49,Segment_C,Others leave through manager.
262,Hayden Bell,"Unit 0540 Box 8109
DPO AP 07633",5,583-247-9165x45018,953.82,Segment_B,As region mouth chair figure little data.
263,Louis Carey,"USNS Morgan
FPO AP 13113",14,688-489-0558,823.68,Segment_B,Three sort history within.
264,James Rivera,"5021 Rachel Ports
Saraburgh, DE 93364",11,260-504-6662x7519,4639.65,Segment_A,Three beyond pass since really mouth bank picture.
265,Nancy Taylor,"817 Franklin Rue
South Ashleeshire, NY 91567",2,678.433.1547,2108.12,Segment_C,Real benefit else its of organization away.
266,Joseph Owens,"1451 Haynes Place
North Annashire, LA 54568",7,001-708-848-1976,2510.19,Segment_B,Social protect husband goal first sometimes then.
267,Deborah Peterson,"71625 Leah Wells
Grosshaven, KS 44978",18,(237)738-9646x7016,4171.05,Segment_A,Process reflect subject economy nature force skin year.
268,Daniel Payne,"1975 Zachary Parkways Apt. 895
Bensonburgh, MN 42045",11,(631)835-1544,1705.07,Segment_B,Kitchen election late politics pretty resource summer.
269,Beverly Mendoza,"10963 Thomas Crossing
Lake Williamstad, CO 70491",16,+1-908-991-4224x955,700.66,Segment_A,Name far doctor rule.
270,Dennis Stone,"159 Powell Meadows
New Elizabeth, NV 44579",13,(893)732-7033x02703,1276.97,Segment_C,Give should toward toward mind purpose tend.
271,Mr. Terry Mitchell DDS,"Unit 7839 Box 0325
DPO AA 22602",12,(552)697-1675x003,9494.42,Segment_C,Expert build side actually dream key near human.
272,Ian Jones,"1002 Norris View Suite 887
South Austinmouth, WI 16047",15,+1-635-821-0384x936,9091.89,Segment_B,Care method could bit rather check after.
273,Holly Gallagher,"Unit 0417 Box 3535
DPO AE 81593",13,+1-341-348-0552x71506,6287.08,Segment_C,Than smile store well.
274,Vanessa Ramos,"34440 Welch Forge Apt. 033
Lake Mario, PR 47627",9,851-714-5248x6947,8036.89,Segment_C,City development huge work heart when.
275,Stefanie Henderson,"027 Holly Port Apt. 177
Youngchester, OH 19694",15,728.667.9763x839,2588.14,Segment_C,Score sit past side nothing under.
276,Jason Perry,"4971 Paul Overpass
North Sharon, WI 79816",2,(868)457-0442x66194,1006.91,Segment_A,Parent food continue effort significant occur form industry.
277,Darius Tate,"1448 Wendy Mills Apt. 122
New Jameschester, CA 04618",2,(594)598-4665x76067,5193.78,Segment_B,Especially road ten.
278,Ralph Myers,"928 Oliver Rue
Colinfort, NC 65474",4,867-494-0456,8222.89,Segment_B,Culture condition religious hit can travel.
279,Gregory Green,"821 Bryan Streets
East Paul, NH 53656",18,(903)341-6254,6860.49,Segment_A,Responsibility what product site message trade game.
280,Keith Taylor,"713 Krista Streets
Harrisonport, IA 49724",12,575-699-1286,2406.2,Segment_A,His hundred responsibility religious hot care reality.
281,Matthew Khan,"096 Rhodes Meadow Suite 198
East Dawn, RI 26442",18,001-943-509-2812x418,3680.71,Segment_A,Air marriage happy against next measure chance.
282,Ryan Cruz,"978 Alvarez Wall
Port Matthewville, WA 51274",18,350.394.5591x7962,2889.14,Segment_B,Like control over future church certain rise.
283,Corey Hayes,"18957 Daniel Path Suite 293
Mitchellville, WA 32108",19,(870)785-1963x7042,4875.0,Segment_A,Image hotel professor.
284,Scott Peters,"094 Turner Branch Apt. 781
New Vanessatown, TX 61657",8,001-323-835-2102x54536,6804.16,Segment_C,Until camera nor operation suddenly traditional.
285,Raymond Deleon,"67616 Jason Gateway
Deborahton, AZ 64551",9,+1-557-441-6398,9462.17,Segment_A,All play senior practice thought least see ago.
286,Debra Benson,"76214 Massey Course
North Thomasfurt, SD 10249",14,001-684-205-6347x4909,3125.48,Segment_B,Money site heart.
287,Jeffery Rios,"9080 Cooper Curve Suite 931
South Nicholasburgh, DC 43826",3,(890)956-1935x25854,3614.65,Segment_A,Role green television language participant stage realize natural.
288,Frank Roberts,"8006 April Dam
Lake Bonniebury, NC 01751",2,559.375.4099,9546.95,Segment_B,Onto film so myself model hear down.
289,Jasmin Jefferson,"7965 Monique Isle
Stephensbury, SC 43129",10,240.349.5892x431,5693.15,Segment_B,Author along oil any.
290,Jared Hendricks,"5496 David Rest
Conniestad, WV 80034",15,001-812-248-3579,6244.1,Segment_C,Front boy city resource still minute office yes.
291,Antonio Stevenson,"737 Christina Neck Apt. 717
Terriberg, ME 64773",15,001-319-806-7421x2754,6985.45,Segment_C,White paper home perhaps environment million indeed.
292,Tyler Stewart,"26113 Kevin Cliff Apt. 784
New Anita, NM 40283",7,(507)525-2968x67478,8755.53,Segment_A,Letter modern real man her live.
293,Matthew Nguyen,"47423 Romero Trail
Cooperberg, PR 21621",10,001-624-498-3654x1080,6025.12,Segment_B,Next opportunity generation around thank both ok.
294,Wendy Greene,"8290 David Loaf Suite 276
Isaacshire, AK 16347",1,3803302322,9894.25,Segment_C,Bill particularly until.
295,Charles Kelly,"34831 Eugene Track Apt. 977
Lindaview, NE 80358",17,8923886974,3275.37,Segment_C,Thank education town same ready.
296,Tanya Mccall,"PSC 8660, Box 2277
APO AA 98036",6,436-381-8982x84847,8261.6,Segment_B,Worry region fact lose spend security.
297,Joseph Ellis,"3096 Clinton Walk Suite 960
West Michael, GA 66218",8,+1-992-931-2259x8856,6073.61,Segment_B,Amount compare security after yes.
298,Evan Patterson,"230 Brian Garden Suite 057
East Kimberlyshire, WA 57691",14,001-665-555-1234,844.92,Segment_B,Congress policy source science teach company if.
299,Billy Smith,"Unit 6229 Box 4346
DPO AA 56107",17,+1-756-578-0482x5022,5883.54,Segment_B,Care recognize you weight suddenly.
300,Michael Wilson,"8356 Carter Manors
Pamelaport, MI 54463",9,001-513-212-3790x2650,6516.08,Segment_C,Rather say grow type hold gas.
301,Louis Kim,"066 Smith Camp
East Deborahstad, UT 15235",1,+1-251-661-9339,5062.84,Segment_A,Rate account final project top significant voice industry.
302,Michelle Smith,"881 Wheeler Crossroad Apt. 057
Jonesshire, IN 53954",3,9684751591,1961.12,Segment_C,Fine baby open person.
303,Jeffrey Green,"4842 Thomas Walk Apt. 924
Rebeccaborough, WY 97085",1,4292887862,7297.86,Segment_B,Might power grow doctor.
304,Amanda Gonzalez,"85317 Davidson Isle Apt. 979
Kingview, MT 76631",5,(619)741-6243,5824.83,Segment_B,Only explain issue near call last professor.
305,Sean Ali,"022 Maxwell Lake
South Jacob, FM 51464",20,(532)468-3778x31823,1664.44,Segment_B,Apply political successful responsibility put part.
306,Sandra Contreras,"95011 Garcia Viaduct Suite 541
South Kathleen, CO 17198",5,265-278-5933x71160,9440.59,Segment_A,Try although magazine however firm need.
307,Kristy Cisneros,"067 King Alley
Brandonstad, MT 14516",19,001-665-669-8485x817,2355.51,Segment_C,Other from dream claim so mission suggest.
308,Kathleen Bird,"4077 Ortega Forks
Juliaton, TX 42795",19,+1-625-891-9954,272.47,Segment_C,Less small catch receive would candidate.
309,Joseph Schneider,"23610 Moore Cove
North Williamfort, PW 79984",11,697.747.1438,2662.52,Segment_C,See live office once.
310,William Curry,"8034 Tracy Pass
Lake Kelly, PR 85691",12,+1-502-587-7314x692,232.72,Segment_A,Institution yard child.
311,Colleen Perry,"1491 Taylor Port Apt. 394
West Suzannemouth, LA 07987",7,(431)829-6238x512,9516.58,Segment_C,Hot leg his seat.
312,Mrs. Kaitlin Young MD,"3281 Allen Common Apt. 989
Wangfort, NM 13626",8,5175911010,1794.76,Segment_B,Attorney fund read short close age remember.
313,Karen Cox,"3632 Jeffrey Estates Suite 392
Staffordfurt, CT 71476",6,(242)926-8461x10286,6944.17,Segment_B,Trial fact thing start pass.
314,Jacob Nichols,"660 Dunn Hills Apt. 353
South Kathryntown, WI 96918",10,+1-450-221-3445x8015,58.45,Segment_B,News message deal responsibility career end rise.
315,Alison Moon,"918 Roy Course
Barbaramouth, ND 60067",13,4255285818,4458.65,Segment_A,Audience board house discover worker.
316,Daniel Ellis,"1240 Green Radial Apt. 958
Rojaston, OK 80631",17,897.907.1794x76880,8182.56,Segment_A,Business real threat heart.
317,Bryan Rodriguez,"7718 Robinson Inlet
New Danielmouth, VT 73415",2,307-267-9888x29942,6172.49,Segment_A,Professional card choose bit avoid.
318,Wendy Owens,"28720 Gonzales Dam Apt. 524
Jeanneland, ND 78053",13,2403504027,1177.12,Segment_C,Operation just theory performance must each.
319,Abigail Rose,"3166 Elizabeth Plains
Whiteheadbury, NC 10058",1,(714)623-6984x7849,1894.82,Segment_C,Little operation management set keep.
320,Sarah Shaw,"PSC 8515, Box 0050
APO AP 20287",2,(745)280-0501x3507,4300.86,Segment_C,Improve seem about rather.
321,Tracy Carlson,"245 May Radial
New Vincentchester, WV 80302",11,545-620-3374,6323.68,Segment_C,Up like expert new agent writer car.
322,Hayley Green,"6623 Andrea Stream Apt. 845
Frederickport, DC 60630",19,554.495.8406,6901.84,Segment_B,Grow manage heavy author data agent wrong.
323,Dwayne Andrews,"0467 Smith Springs Apt. 810
Ernestshire, MA 62096",16,+1-856-548-9637x3302,2295.57,Segment_B,Mouth at central effort feeling.
324,Robert Wolfe,"1457 Simpson Forest Apt. 049
Lake Cassandraberg, OH 50370",12,001-834-577-5263x93357,3945.46,Segment_B,Decide community audience anyone wall south.
325,Danielle Hughes,"Unit 9345 Box 0805
DPO AE 22840",6,+1-595-831-1666,7612.7,Segment_A,Third blood television.
326,Philip Carter,"935 Cook Hill Suite 959
Lake Scott, MT 60148",12,9358821337,8221.37,Segment_B,Baby practice hand answer past.
327,Amber Miller,"009 Kayla Springs
New Hannah, PR 27799",10,912-718-9036,6806.58,Segment_A,Trouble just bank chance already.
328,Cheryl Davis,"043 Henderson Garden Suite 441
Acostaview, IL 00882",7,494.322.6141x30221,4898.05,Segment_B,Sea do truth treatment discover wide body.
329,James Smith,"71794 Turner Heights
Port Peter, NJ 70041",4,001-861-327-5048x782,1486.02,Segment_C,Author instead writer information onto.
330,Julie Todd,"0719 Harris Flats Suite 867
Lisafort, FM 73006",15,+1-904-427-4224x62753,925.56,Segment_A,Time term create impact today daughter hope.
331,Rhonda Rivas,"73160 James Rapids
Stevensfort, FL 46755",14,+1-212-652-6310,3372.52,Segment_B,College describe maybe leg product.
332,Donna Reynolds,"PSC 8927, Box 3792
APO AE 37945",15,001-895-565-3386x1979,9969.15,Segment_A,Great economy arm process Congress rather.
333,Gary Rivas,"7969 Mcmillan Trace
Port Shannon, MO 69081",14,(399)226-9001x547,5574.45,Segment_B,Security ahead become garden young.
334,Courtney Huff,"53335 Smith Green Apt. 650
East Jennifer, WY 33571",17,+1-840-458-7252x0765,2747.28,Segment_B,Media the important production picture community role risk.
335,Edward Allen,"387 Patterson Rapid
Joshuaton, ID 01328",14,376-770-3019x045,2160.57,Segment_B,Life group sometimes quite learn production.
336,Wayne White,"727 Brian Prairie Suite 079
Tylerchester, MI 51952",19,(372)314-5498x5431,8237.26,Segment_B,Relationship community land participant use bring blue.
337,Gabriel Rich,"60272 Wright Spring Apt. 816
Griffithside, ME 29428",6,357-437-5536x00710,3710.99,Segment_C,Eat make economic draw.
338,Katherine Baxter,"99025 David Vista
Angelaborough, RI 53047",5,407-603-6960x9387,4753.3,Segment_A,Improve around term quality stock land budget.
339,Pamela Lee,"268 Hurst Harbors
East Steven, CO 76152",11,604.337.2523x58838,3259.18,Segment_C,Despite others against street.
340,Christopher Richards,"74782 Bradley Square
West Hannahhaven, ME 75051",10,5093381258,4746.03,Segment_C,Return wind president.
341,Michael Walker,"9546 Christina Villages
North Susanmouth, TX 84540",12,351-311-0914x22184,8801.77,Segment_B,System which edge black air common.
342,David Ochoa,"7106 Theresa Locks
Lake Gina, FM 03217",1,9792596346,2323.65,Segment_B,Simply state foot realize population name matter actually.
343,Lisa Acevedo,"8639 Mendoza Mills
South Sheryl, NH 21953",8,872.622.7608,4527.39,Segment_A,Ask husband everyone reduce record magazine sing find.
344,Teresa Davis,"0105 Walker Trafficway Suite 246
North Jasonbury, HI 33863",20,(925)945-0427,7858.24,Segment_A,Nearly later camera firm nearly can task.
345,Isaac Dougherty,"9035 Elliott Terrace
Lake Lauriefurt, WY 22517",18,(829)340-6123x8538,448.22,Segment_C,Let environment off experience exist bar.
346,Kevin Mills,"USNS Stevens
FPO AA 05515",1,+1-329-970-1199x5605,8506.66,Segment_C,Discussion perform change agency capital down his.
347,Bruce Smith,"222 Robert Brook Suite 644
Lake Kevinburgh, AS 13976",10,(634)348-7678x348,2362.4,Segment_A,A difference discuss hot whether one field push.
348,Andrew Casey,"9215 Courtney Meadows
South Annette, NE 54220",12,001-317-995-1693x2298,8400.02,Segment_A,Whatever price writer play single.
349,Brooke Lam,"264 Dale Fort Suite 637
East Timothy, VT 35185",9,588.965.6942x69557,9888.85,Segment_C,Total tell event center per.
350,Christina Smith,"59608 Martin Fort
New Traceyfort, MD 18119",7,+1-389-431-6904x254,7958.61,Segment_A,Sing management loss forward ball capital behavior.
351,Kelly Hopkins,"96705 Heather Ports
West Jeffrey, DC 85691",16,426-582-8180,8625.22,Segment_A,Right because risk support.
352,Joseph Jensen,"82873 Payne Squares
Kingport, MD 81279",2,001-838-214-7963x63771,4486.6,Segment_B,Accept inside painting country least.
353,Amy Mitchell,"8840 Anthony Square Suite 407
New Brian, AL 89181",2,+1-789-386-8688,285.26,Segment_B,Tv or stay form tough successful when.
354,Annette Lee,"774 Miller Shoals Apt. 804
West Grace, NY 29395",3,(232)785-1531x33622,9646.36,Segment_B,Training piece way I choose hard.
355,Robert Hernandez,"447 Peterson Lane
South Jessicaville, NH 72328",18,001-678-565-9620,5775.21,Segment_B,Buy year help full.
356,Paula Schneider,"1348 Wendy Highway Suite 396
North Nicholasbury, IL 31897",16,237-919-4888x03607,5048.61,Segment_A,School shoulder that.
357,Dylan Turner,"2244 Romero Ramp
Gilmorechester, VT 78317",5,001-925-873-9682x04136,9622.51,Segment_A,Energy your so student suddenly price finally.
358,Emily Jones,"5504 Allen Valley
Riddleburgh, HI 83044",3,(449)937-1877x8529,9828.88,Segment_A,Bank into instead civil.
359,David Vasquez,"4136 Hayes Neck
North Antoniofort, IN 47774",13,(918)933-2200,1964.29,Segment_A,Imagine measure term rest.
360,John Frazier,"9032 Michael Meadows
Lake Tara, NH 27955",13,(474)779-4459x95557,4870.77,Segment_C,Public any you position Mrs others smile great.
361,Tyler Lewis,"47298 Sara Roads Suite 969
North Julieport, WI 74227",9,001-981-612-0926x78413,6054.5,Segment_C,While language already economy world.
362,Alexandra Morgan,"81579 Turner Summit Suite 657
New Kristin, TN 07921",2,953-833-6956,6157.23,Segment_C,Sort million top.
363,Samantha Burnett MD,"2124 Tara Glens
Summersborough, TX 27491",1,921.378.6686x42644,7673.53,Segment_A,She grow figure example.
364,Madison Phillips,"93711 Murphy Canyon Apt. 109
Lake Vanessaburgh, MH 99711",7,001-690-879-6446x246,4278.39,Segment_C,Key hot each because work son.
365,Ray Wilson,"7492 Oneill Lodge Suite 142
Levineport, MN 93587",6,(463)637-8443,2421.79,Segment_A,Mother response return hold effect.
366,Alexa Heath,"76167 Ashley Tunnel
South Michaeltown, CO 26933",1,(252)314-5129x48105,2066.16,Segment_C,Author agent feel between.
367,Gregory Woods,"76575 Morgan Bridge Apt. 539
Lake Heather, RI 16659",20,309-762-1139x791,6207.29,Segment_C,Great yard determine loss show.
368,Angela Sheppard,"9339 Hanson Shores
East Kim, LA 70918",20,673.473.6451x5283,9959.41,Segment_B,Story cut middle when feel learn feel.
369,Troy Ramirez,"636 Brown Turnpike
North Stacyland, TN 57763",17,(475)437-8465x9260,3788.95,Segment_B,Factor foot popular order with.
370,Emma Davis,"5420 Davis Bridge
Nicholeberg, VT 11475",15,001-755-650-8824x1177,2727.99,Segment_B,If ten stay challenge eight across.
371,Anthony Young,"6504 Andrew Hill Suite 878
Petersontown, MO 22724",16,362.748.5923x0743,4644.53,Segment_C,Pull send anyone laugh both.
372,Rebecca Rangel,"0445 Calvin Unions
Gilbertchester, UT 54523",7,924.724.6376x939,9536.98,Segment_B,Such test agent plan that hair look.
373,Christina Jimenez,"7282 Nicholas Ferry
North Brandonshire, MD 25065",9,(863)202-1228x7627,2008.54,Segment_A,Require building there.
374,Marc Price,"USNV Hall
FPO AE 98948",19,970-435-9465,3593.75,Segment_A,Space development now expert any white.
375,Michael Ellis,"178 Brown Junctions
Victoriaside, MD 38834",17,(585)832-4610,8203.33,Segment_B,Consider western tend six difference clearly success subject.
376,Phillip Kelly,"08044 Aguilar Locks Suite 325
Heatherchester, MN 27132",18,(539)598-3640,7653.61,Segment_C,Blue must evening.
377,Diane Mack,"131 Darin Summit Suite 294
Olsonview, NE 93267",7,(727)961-9248,5599.28,Segment_C,Success form whose talk source sit.
378,Suzanne Gomez,"67142 Bryan Garden
Jensentown, FM 87441",16,918.978.4547,4367.97,Segment_C,Maintain place memory material year myself.
379,Jessica Bailey,"200 Matthew Spur
Ryanland, VI 01634",15,+1-750-954-9016x98917,9151.89,Segment_C,Sister strong grow own pull.
380,Erin Long,"781 Morris Freeway Apt. 310
Gloriamouth, PA 25577",19,001-855-815-2889x34226,6441.62,Segment_A,Place before someone specific.
381,Emily Raymond,"65962 Montgomery Ways
North Kathryn, OH 65515",18,(773)932-2028x126,4301.81,Segment_A,Along garden experience American.
382,Casey Jones,"39824 Jones Fort
Shaffershire, AL 49813",5,(312)316-0743x6138,7834.89,Segment_B,Hope evening occur commercial member affect then.
383,Caleb Lucero,"4599 Dana Mountain
Port Susan, LA 86507",14,(328)982-0244,3273.05,Segment_B,Try today agreement already rock.
384,Brandy Kelley,"742 Brian Fort Suite 278
Port Juanfurt, AL 50223",17,001-505-567-6601,2845.68,Segment_A,Produce happen gun partner bad town trial.
385,Ian Padilla,"407 Steven Inlet
Penashire, OH 69165",16,842-664-2963x96850,8981.38,Segment_C,Likely draw perform property entire reality history.
386,Suzanne Sanford,"19719 Yates Track Suite 112
Howardton, DE 99800",19,+1-514-345-0780x034,9079.77,Segment_A,Official education pass floor fill action.
387,Daniel Williams,"USNS White
FPO AA 12584",20,001-879-304-1856,1434.89,Segment_A,Series final window others north.
388,Jaime Craig,"1235 Robinson Stream
Garciabury, OR 44176",13,948-612-4513x808,2176.66,Segment_B,Exactly myself all fall left expert.
389,Andrew Robbins,"Unit 9858 Box 8456
DPO AP 12993",18,427.610.7506,9092.87,Segment_A,Reach part far.
390,Brian Simmons,"PSC 3701, Box 8317
APO AP 13776",6,(472)422-5071x5330,8970.06,Segment_C,Recently fire same edge.
391,Dwayne Beck,"057 Brittany Prairie
North Austin, NE 32854",3,001-235-335-7151,1487.66,Segment_C,Season expert relate grow right.
392,Phyllis Mcdonald,"05681 Angela Fall
North Tina, GU 61051",14,(927)710-6499x6341,575.79,Segment_B,Its write wait country team.
393,Mrs. Anna Watson,"Unit 4416 Box 9746
DPO AA 70499",14,660.606.1505x764,9958.38,Segment_A,Less partner save establish.
394,Mr. Jonathan Cooper,"46749 Sarah Junction
East Thomasfort, TX 38227",13,001-971-886-6157,2893.06,Segment_B,Include that national at language nation close.
395,Tammy Woods,"USCGC Williams
FPO AE 41013",20,(249)245-0023,1547.8,Segment_B,Product size cost character together.
396,Julie Reyes,"90935 Hicks Skyway
Watsonburgh, TX 00853",17,525.309.6722x1915,582.07,Segment_A,Herself share concern add purpose lot note race.
397,Yvonne Conley,"24211 Fisher Throughway
East Danielborough, CA 75246",12,(496)427-5302x198,2800.6,Segment_B,Reach nation call son though garden.
398,Zachary Hurley,"903 Traci Hill
North Carrieland, TX 85853",10,961.684.9250,8348.17,Segment_A,House audience training enjoy must wait.
399,Joshua Hoffman,"0503 Jefferson Square Suite 663
Port Jessica, NC 71003",2,+1-877-305-2531,4903.99,Segment_A,Him democratic during.
400,Dennis Shelton,"0184 Wayne Landing Apt. 039
Stevensberg, PR 36034",10,001-681-514-7110x2437,406.49,Segment_A,Sister television shoulder goal government scientist.
401,Denise Barnes,"128 John Mills
Penaborough, GU 72728",14,001-774-258-1985x835,5740.97,Segment_A,In imagine born health they court glass investment.
402,Daniel Jimenez,"1778 Warren Crest
New Kellyberg, CO 85220",7,469-871-8157,2045.6,Segment_B,Usually drop source court.
403,Robert Harris,"784 Kane Stravenue
Wesleyberg, TN 33983",8,+1-315-664-7904,493.1,Segment_B,Age raise test pull front money doctor.
404,William Peck,"8876 Dennis Turnpike Suite 512
East Ericton, NC 92533",1,(876)821-8831x117,3221.68,Segment_C,Third decide specific.
405,Teresa Lyons,"631 John Ford Apt. 727
Joshuabury, AZ 78658",18,001-487-253-3601x012,6762.72,Segment_B,Around today between growth.
406,Tamara Lewis,"24188 Hill Vista Suite 373
New Tina, ME 06439",4,653-967-1242x496,4680.29,Segment_B,Full effort investment.
407,Danielle Butler,"5641 Melanie Mission Apt. 126
Lake Christopherland, IL 04067",5,808-526-3426,4436.27,Segment_B,Measure itself recently buy stock minute check.
408,Sherri Morales,"988 Trevor Forge
Marquezshire, AZ 94219",12,962-645-7082,1343.79,Segment_A,Happen worry history.
409,Marcia Morales,"802 Gonzales Radial
Jenniferland, AL 32625",19,(247)962-1493,2386.63,Segment_B,Education risk air student over western.
410,Pamela Parks,"Unit 3281 Box 5943
DPO AP 74656",16,(224)739-8906x0383,5724.12,Segment_B,Lawyer poor wind heavy ok even throw.
411,Tim Gomez,"26909 Bates Drive Apt. 712
Port Jennifer, FL 22600",16,001-379-844-0321x078,4378.57,Segment_A,Purpose tax individual walk buy.
412,Kristi Wood,"011 Carpenter Shore Suite 609
Stephaniefort, GU 27267",14,001-814-940-7375x891,2658.12,Segment_C,Walk peace back study human.
413,Anthony Hartman,"402 Jeanette Cove Suite 553
Melissashire, MP 72935",3,618.788.5751x7270,5253.74,Segment_A,Maintain program real address year however environmental.
414,Justin Hodge,"722 Larry Village Suite 709
Rogersport, MS 17653",4,001-675-360-6342,2802.42,Segment_C,Letter service news cup consumer control cover air.
415,Paula Nguyen,"455 Buck Land Suite 100
South Briana, MD 53635",12,+1-764-377-9734,474.75,Segment_B,Gun rather would worker effort strategy.
416,Laura Webb,"212 Thompson Cove
Rayview, NE 39098",5,838-516-4082x25657,5916.94,Segment_B,Body operation picture theory.
417,Chad Woodward,"090 Davis Track Apt. 093
Allentown, WA 93165",15,284.493.2390x8779,8618.5,Segment_C,Crime different practice have magazine black.
418,Sarah Reynolds,"1021 Robinson Street
Smithshire, FM 19586",12,237-877-0260x8473,8276.24,Segment_C,Tonight investment wall develop Congress happen still.
419,Lindsey Alvarez,"PSC 1715, Box 2356
APO AE 30426",4,001-659-632-6802x38785,869.15,Segment_A,Seat approach system.
420,Thomas Warren,"426 Reynolds Forest
Hoganmouth, UT 34283",5,(848)591-3755x66137,2318.28,Segment_B,Behind individual Democrat Mrs learn population represent.
421,Nathan Thomas,"295 Gutierrez Stream
Nelsonburgh, UT 27486",9,713-717-2449x682,2832.18,Segment_B,Air some citizen source education team.
422,Carolyn Shaw,"847 Schneider Cape
East Heatherside, IL 76007",7,999-625-0620,2005.45,Segment_B,Person throughout edge board ever less ten.
423,David Moreno,"292 Davis Lodge
South David, MA 48838",17,(239)646-3904,4917.3,Segment_C,Time interest interesting true small son send.
424,Mr. Michael Campos PhD,"6966 Brown Ramp
Olsonberg, KY 85192",15,001-415-917-3085x5654,1063.41,Segment_C,Top concern election season approach gun.
425,Michael Combs,"63901 Bender Keys
Port Kristi, NJ 28026",12,001-236-832-6584,7755.38,Segment_B,Action budget evening me easy hospital.
426,Alexis Harrison,"118 Briggs Stream
Jonathanview, OR 18660",2,001-675-229-2054x7058,603.34,Segment_C,Argue least born major wonder data.
427,Alicia Myers,"4245 Sherry Throughway
East Williamland, MT 37053",1,451-800-9208x6631,5419.89,Segment_B,Beat produce participant culture fine.
428,Dana Weber,"86491 Amy Lodge
West Danielside, OH 54980",1,(837)280-2544x40484,1278.53,Segment_B,Recognize give event listen.
429,Amanda Rice,"8884 Mackenzie Ways Apt. 621
North Sean, IA 02239",13,+1-954-276-2002x79345,3691.11,Segment_A,Have worry between vote positive environment in.
430,Sean Cooper,"439 Dawson Club Suite 344
Port Alexandria, AR 10211",4,527-210-4877x06608,9651.71,Segment_C,Speech free author.
431,Kaylee Jackson,"6824 Jose Pike Suite 358
Melissaport, TX 64895",10,+1-640-543-6122x7786,1958.93,Segment_A,Capital spring air region.
432,Rebecca Rosales,"61465 John Brook Suite 036
Elliottfort, FL 56312",19,(408)836-6977,2034.2,Segment_A,Others gun south officer left officer suffer.
433,Aaron Jones,"4444 Baker Port
Hansonland, AK 36942",15,001-952-293-4075x9779,9509.85,Segment_B,Sit including attack before news player service.
434,Amber Wheeler,"664 Wilson Manors
Ayalastad, HI 72535",4,(952)600-1375x7579,7557.49,Segment_A,Debate candidate manage scientist.
435,Tony George,"114 Craig Walks
Kimberlyview, VT 78104",13,556-200-7176,896.55,Segment_B,Natural happy argue magazine deal.
436,Mr. Jesus Wolf,"179 Linda Falls Suite 571
Harringtonshire, UT 60276",15,+1-623-453-5598x287,5955.09,Segment_A,Start out financial although.
437,Charles Fleming,"49747 Miller Rapid Suite 465
New Amy, VT 15742",5,339.704.6013,4405.0,Segment_C,Indeed scientist minute thus some power reflect.
438,Frank Powell,"197 Joseph Heights Suite 797
Longmouth, IN 70601",9,001-843-689-1766x2435,8976.55,Segment_C,Network later less serious year beat.
439,Samantha Davidson,"56153 Paige Prairie Apt. 141
Monicaside, NJ 01480",15,(899)383-9352x520,7126.21,Segment_C,Cell office enough building.
440,Hayley White,"Unit 1081 Box 4333
DPO AP 79907",2,001-867-902-1254x35822,7980.56,Segment_A,Might practice position suddenly figure.
441,Joanna Newton,"218 Weaver Fort Apt. 907
Port Connorport, VT 05710",11,+1-715-870-7358x0115,3626.88,Segment_C,Month wonder explain send each record.
442,Stephen Hartman,"724 Gerald Courts Apt. 489
Rodneyborough, PR 99821",17,001-724-433-4747x8145,7849.08,Segment_A,Thought budget investment offer allow make animal himself.
443,Joshua Garcia,"75289 Castillo Stravenue
Lake Karen, VT 83415",2,(265)817-3325,2713.33,Segment_A,Religious he use some.
444,Jose Sanchez,"6028 Stewart Tunnel
West Nicholas, DC 35646",7,(549)854-6206x91927,7295.46,Segment_C,Down difficult yes old some.
445,Dylan Gardner,"682 Veronica Lights
Port Veronicaland, RI 92413",18,5629497955,8671.15,Segment_A,Country local her sense nice.
446,Anna Rose,"491 Alec Greens
Victoriaside, MS 66214",5,001-240-595-2272x952,9687.18,Segment_C,Debate out modern various able order fill.
447,Mary Wilson,"Unit 2698 Box 8748
DPO AA 11016",14,(993)984-0882x10545,9101.63,Segment_C,Boy dinner care idea.
448,Michelle Wilson,"4757 Miller Views Suite 303
East Adamberg, LA 39290",2,915-790-2602x88036,1195.75,Segment_A,Door never nature her.
449,Joseph Miller,"2489 Solis Lights
Cisnerosburgh, KY 48239",4,871-941-7677x6270,702.74,Segment_C,However week factor artist.
450,Russell Sawyer,"506 Lynch Trace Apt. 040
Lake Johnchester, AK 32091",1,001-658-564-3731x9543,3768.27,Segment_A,Sure fly together available.
451,Eric Marshall,"02786 Carol Flat
New Catherine, MN 64745",6,5377003435,6384.51,Segment_C,No day prove exactly focus build.
452,Mrs. Veronica Parker,"39713 Sarah Gardens
Port Joseph, KY 91815",15,364.941.4523x9746,6332.56,Segment_C,Billion less who industry.
453,Melissa White,"875 Richard Well Suite 977
Anneshire, NE 54100",15,(345)654-7179x27024,347.82,Segment_C,Him election those understand watch suggest between.
454,Travis Berger,"17696 Rodriguez Spurs
Tracyside, AL 39658",1,(869)501-2475,9621.2,Segment_B,Her role assume leader company.
455,Laura Ellis,"Unit 0902 Box 6808
DPO AE 40052",2,001-856-967-0833,7618.2,Segment_B,Reason alone test receive.
456,Bradley Gross,"2002 Greene Squares Apt. 018
West Dennisside, CA 06677",17,(994)269-5811x005,4403.07,Segment_B,Friend why agree star two.
457,Michael Thomas,"926 Stephanie Divide
Davisbury, AK 17234",2,8367488796,6178.66,Segment_A,When significant realize learn husband course just create.
458,Roy Vang,"350 Emily Track Apt. 887
Cameronland, IL 28123",1,001-502-266-9406x34774,6810.42,Segment_A,Everyone add assume common product city.
459,Melinda Rodriguez,"2830 Martinez Lodge Apt. 454
Curtisside, FM 55017",9,561.607.4145,432.71,Segment_B,Wrong might picture exist community not day.
460,Gabriel Garcia,"8540 Oscar Turnpike
New Kiara, MA 73747",16,524.206.6592,8008.19,Segment_C,Social specific hotel season.
461,Dr. Michael Mcpherson,"94648 Lee Shore Suite 464
West Duane, IL 22211",10,344-284-7128x114,7219.22,Segment_C,Degree specific grow team.
462,Michael Flores,"347 Graham Manors
Thomasfurt, WI 29856",20,442.242.6692,2643.24,Segment_A,Star forget very series low.
463,Benjamin Bush,"777 Thompson Stravenue
New Ericton, PA 66829",16,281.729.8126x01294,7467.32,Segment_B,Watch decide father mean everybody also ability.
464,Nicole Hess,"636 Lam Isle Suite 586
Port Jenniferside, OH 58742",8,915.366.5619x151,1544.93,Segment_B,Prepare war brother term improve live magazine.
465,William Williams MD,"50608 Taylor Avenue
West Nancy, AL 79472",5,954.474.5097x1934,4381.45,Segment_A,Raise shoulder author along recent billion.
466,Sara West,"40732 Gonzales Hill
Allisonville, UT 10072",7,356-315-3367x32856,7088.16,Segment_B,Its impact hair computer other.
467,Arthur Khan,"13804 Brown Island
Vincentchester, MI 81366",17,(646)617-1177x2157,9764.22,Segment_A,Dark later hope.
468,Andrew Campbell,"733 Alexander Fields Apt. 487
Port Bridget, AR 21359",2,338-248-5837x4460,1941.02,Segment_A,Edge century throughout become seem him.
469,Kyle Johnson,"29019 Lowery Parks
Jasonbury, IL 39938",18,976-944-8697x899,803.61,Segment_A,Nature source south company out.
470,William Reed,"248 Chambers Station
South Cindy, VI 53775",3,+1-625-832-9811,1759.79,Segment_C,Important all action.
471,Nicholas Davidson,"4882 Williams Motorway Suite 128
Johnsonborough, AZ 49204",13,001-286-909-0684x049,3215.87,Segment_A,In like future listen course.
472,James Fitzpatrick,"9478 Robert Crossing
Rogersmouth, NJ 41741",2,344.704.5454x80816,6623.34,Segment_C,Young already positive relationship spring require.
473,Kimberly Oneal,"911 Paul Station Apt. 462
North Michelleside, NV 53989",9,478.847.2603x61311,527.03,Segment_C,Wall could assume create.
474,Bradley Marsh,"1358 Larsen Dam
North Benjaminland, KS 94622",6,(925)517-9120x450,473.42,Segment_C,Response many wall blue.
475,Kathryn Davis,"PSC 6286, Box 5955
APO AE 43627",5,(675)884-9425,5434.71,Segment_B,Whatever at article program strong offer.
476,Jose Barnes,"023 Katherine View
Danielberg, OH 74732",16,813-220-9863x8271,6760.42,Segment_B,School interesting together order by.
477,Amanda Hunt,"3060 Adam Junctions
Markburgh, AR 82440",17,(436)817-7536,6536.25,Segment_B,Society practice realize series buy issue source.
478,Mark Tran,"PSC 1442, Box 0347
APO AP 34646",5,(493)308-2664,5737.16,Segment_A,Improve reason information itself.
479,Jasmine Stewart,"9934 Christopher Mountain Apt. 120
Rebekahmouth, NC 06533",20,6874618767,7280.82,Segment_C,Political compare pass science present.
480,Joyce Rodriguez,"4596 Davis Lodge Suite 540
Valdezburgh, OK 46792",11,876.507.4107x884,8559.09,Segment_B,Every represent mention police suddenly.
481,Garrett Wilson,"10452 Krista Ranch
Joshuaport, ND 03051",7,+1-224-712-0543x560,3831.17,Segment_C,Personal heart imagine five.
482,Paul Shaw,"PSC 8252, Box 0086
APO AP 50441",14,+1-816-268-0361,3344.25,Segment_A,Anyone analysis special evidence big exactly.
483,Susan Martin,"0995 Luis Road
West Amanda, IA 87637",8,5146346870,4803.58,Segment_A,Type manager hit and prove himself parent story.
484,Lorraine Jones,"9830 Morris Branch Apt. 537
Brettmouth, GA 32350",8,377-316-1887x835,4681.01,Segment_B,Agent determine parent possible director.
485,Megan Reese,"42327 Mark Fords Suite 401
Lake Michael, AS 62164",3,(562)824-5388,2198.85,Segment_A,Campaign especially develop provide however manage include.
486,Lee Hopkins,"10765 Russo Lodge
Kevinton, MA 87302",15,445.827.1246,4477.34,Segment_A,Affect material according enjoy smile heart.
487,Jacob Rodriguez,"666 Williams Parkways
New Daltonview, VT 29870",9,5727726238,6075.01,Segment_C,Much water feeling.
488,Philip Braun,"860 Baker Crest Suite 655
Port Tracy, ME 74437",11,705.328.7490x90425,5074.22,Segment_C,Significant environmental person.
489,Miss Jennifer Scott,"10961 Miles Forge
Andersonbury, IA 46396",6,(271)396-0317x359,505.45,Segment_A,Each research company until dinner.
490,Emily Hernandez,"01297 Jenna Gateway Apt. 929
West Timothy, DE 13468",19,(608)254-7561x47710,4549.78,Segment_B,Cup certain lawyer our age according make.
491,Laura Woods,"559 Jacqueline Landing
Ambertown, VA 28128",6,(650)956-8534x2094,4796.5,Segment_A,Mission send anything explain area like our.
492,Marcus Boyd,"69286 Owen Manor Suite 861
Thomasborough, KS 69963",19,770-912-4334x546,4304.19,Segment_B,Total mean style thank six particular white.
493,Matthew Wright,"96394 Timothy Path
Robertside, IN 59617",13,+1-718-239-4963x04288,1996.93,Segment_A,Life woman heavy.
494,Tyrone Burton,"2255 Nichols Union
Longfurt, MO 08620",4,6245012590,1661.99,Segment_A,Gun lose respond save.
495,Richard Smith,"647 Hector Courts Apt. 013
Smithshire, GU 18321",5,226.291.4596,7276.28,Segment_B,Third third provide attention.
496,Micheal Fischer,"475 Hill Lock Apt. 858
Lake Joycemouth, NH 60445",9,5059951975,3877.43,Segment_B,Game win anyone firm them wrong new.
497,Jordan Hubbard,"884 Sara Ports Apt. 136
Brianville, GU 46640",8,792.520.9937,6255.86,Segment_A,Finish beyond man religious people identify.
498,Angelica Mitchell DDS,"Unit 1819 Box 0381
DPO AP 03432",4,(532)744-0275,2556.84,Segment_C,Science trial job trip.
499,Michael Smith,"25943 Megan Ferry
West Ginachester, VI 69090",18,369.721.3384,5033.21,Segment_A,Debate almost concern provide.
500,Jason Rollins,"326 Mahoney Springs
Bradshawshire, UT 96257",19,449-661-8789,3027.38,Segment_B,Much subject understand upon different.
