order_key,customer_key,order_status,total_price,order_date,order_priority,clerk,ship_priority,comments
1,253,Pending,202.44,2024-01-18,Medium,Cameron Owen,2,Thousand get serious discover price matter you performance.
2,168,Pending,407.6,2024-02-04,Low,Lori Ochoa,5,Local interesting present hand.
3,486,Pending,76.42,2024-02-05,Low,Melissa Delgado,4,Public interest property above source.
4,208,Processing,955.63,2024-01-24,Low,Cindy Zamora,2,Perhaps fall age.
5,35,Shipped,543.99,2024-02-13,Low,Sarah Spence,4,Detail child buy skin.
6,212,Processing,910.64,2024-01-21,Medium,Timothy Jones,3,On miss support soon degree.
7,368,Shipped,391.23,2024-01-03,Medium,Charles Perkins,4,Beat mouth prevent hit matter.
8,414,Processing,23.53,2024-01-02,High,Jacqueline Case,4,Large very high here study democratic response.
9,1,Shipped,38.49,2024-01-26,Medium,David Ramirez,5,Direction century security everybody management.
10,464,Shipped,114.34,2024-01-04,Low,Mary Abbott,2,Marriage challenge least strategy.
11,114,Pending,426.74,2024-01-08,Low,David Griffin,2,Reach store sound list.
12,450,Pending,903.29,2024-01-27,Medium,Abigail Sutton,5,Number story less one even relate.
13,375,Pending,257.75,2024-01-27,High,Steven Trevino,3,Value hear assume ability hit thing.
14,463,Pending,580.57,2024-02-01,Medium,Darlene Carter,5,Either activity feel Mr community represent per.
15,385,Shipped,152.32,2024-01-20,Low,Robert Cantu,2,Business part think PM.
16,480,Shipped,156.89,2024-01-27,Low,Joseph Young,5,Stage window determine meet.
17,256,Shipped,956.1,2024-01-23,High,Andre Barnett,4,Section financial computer expert system a close cost.
18,56,Shipped,390.98,2024-01-06,Low,Eric Roberson,2,Consumer right finish TV east they.
19,262,Shipped,270.77,2024-02-07,Medium,John Thompson,3,Night low material movement world enter.
20,181,Pending,51.19,2024-01-18,High,Adam Mcdaniel,3,Someone help past daughter him level black interest.
21,435,Processing,626.59,2024-02-09,High,James Malone,4,Animal its end morning table.
22,420,Processing,318.3,2024-01-03,Medium,Austin Nash,4,Follow product let least.
23,4,Shipped,322.7,2024-01-03,High,Jimmy Dominguez,3,Kitchen development will political particularly view available.
24,422,Pending,365.05,2024-01-02,Medium,Robert Roberts,5,Top west push different.
25,100,Pending,322.57,2024-01-24,Medium,Mary Torres,5,Third your might attorney.
26,156,Shipped,184.52,2024-01-05,Low,Matthew Watkins,3,Discussion baby example reach.
27,358,Processing,424.32,2024-01-15,High,Julie Scott,1,Change minute since join option federal.
28,177,Shipped,366.39,2024-02-08,Medium,James Cuevas IV,2,Candidate federal morning none conference.
29,350,Pending,442.59,2024-01-10,Low,Tanya Williams,2,Make open green may.
30,107,Processing,636.0,2024-02-12,High,Thomas Jackson,5,Range reason project group candidate.
31,423,Processing,840.0,2024-01-10,Low,Paul Fuller,1,Prevent prepare however.
32,415,Pending,764.83,2024-01-13,High,Tony Escobar,5,Network just ever she worker great.
33,395,Processing,246.54,2024-01-03,Low,Daniel Roberts,5,Thus degree sing necessary add me fact image.
34,172,Processing,986.86,2024-01-11,High,Rebecca Reese,4,Provide skill understand responsibility.
35,393,Pending,451.32,2024-01-13,High,Roger Snyder,1,Also indicate less number better accept hair.
36,448,Processing,726.67,2024-02-11,Medium,Brianna Robinson,4,Statement couple through then.
37,171,Pending,48.55,2024-01-12,Medium,Veronica Carter,5,Government recent range eye support treat.
38,343,Pending,86.81,2024-01-20,Medium,Nicole Acosta,4,Morning service ago low.
39,388,Shipped,318.87,2024-02-10,High,John Gutierrez,3,Yes continue notice reveal certainly first message.
40,418,Processing,572.59,2024-01-12,Low,Colleen Brock,1,Design specific move.
41,299,Pending,214.5,2024-01-10,Medium,Scott Lopez,1,Bed some form town.
42,86,Pending,76.94,2024-01-24,Low,Spencer Perry,1,Show cultural material test.
43,113,Shipped,72.81,2024-02-13,Medium,Linda King,1,Many have improve support soldier wish.
44,117,Pending,354.11,2024-01-10,High,Lisa Marquez,3,Relate knowledge baby brother.
45,68,Processing,819.87,2024-01-13,Medium,Amanda Ramirez,1,Plant let responsibility fish.
46,379,Processing,509.13,2024-02-11,Medium,Mary Hayes,1,Class central indeed I other scientist activity quickly.
47,75,Processing,274.08,2024-02-12,Medium,Gina Stephenson,5,Few fill her.
48,447,Shipped,217.97,2024-02-01,Low,Mary Harper,4,Within happen Democrat just dark discuss.
49,225,Shipped,15.46,2024-01-29,Low,Crystal Thompson,2,Provide raise interesting together base price computer.
50,17,Processing,534.69,2024-01-13,Medium,Nathaniel Chandler,4,Provide involve find state cup poor money.
51,182,Pending,458.01,2024-01-25,Medium,Alex Mann,4,Why care mouth store business view create.
52,302,Pending,320.15,2024-01-21,Medium,Mark Jones,3,Serve claim down war nearly enough.
53,378,Processing,877.8,2024-01-26,High,John Bray,2,Course civil reflect son.
54,159,Shipped,224.07,2024-01-19,High,Jesse Hernandez,3,Statement at blood apply meet.
55,24,Pending,206.21,2024-02-05,Low,Ashley Davis,2,Build former prevent human.
56,450,Processing,451.39,2024-02-10,Low,Laura Jacobs,3,Religious decision car from beautiful although military allow.
57,306,Shipped,194.55,2024-01-09,Medium,Danny Ramirez,5,Strong clear after put sort even green economy.
58,475,Pending,395.42,2024-01-06,High,Becky Jones,4,Two popular exist physical customer standard.
59,325,Pending,640.89,2024-01-06,Low,Adam Terry,5,One admit step then computer.
60,61,Processing,807.68,2024-02-13,High,Alison Bond MD,4,Discover mouth unit response main father.
61,345,Processing,897.42,2024-01-18,Medium,Kristina Booker,5,Government activity though its operation.
62,378,Processing,292.56,2024-01-15,High,Amanda Chang,1,Process bed range later.
63,443,Processing,558.18,2024-01-22,Low,Janet Tran,3,Worry sign at somebody outside.
64,10,Shipped,295.78,2024-01-19,Medium,Jennifer Melendez,2,Republican security money mention.
65,213,Processing,321.14,2024-01-11,Medium,Elizabeth Hoffman,5,Degree language item will.
66,9,Pending,587.68,2024-01-12,High,Andrea Hall,5,We peace he character but and page.
67,156,Processing,875.37,2024-01-03,High,Paul Miller,5,Able become school actually star another.
68,252,Pending,592.34,2024-02-01,Medium,Thomas Dunn,3,Structure part I beyond sure.
69,255,Shipped,352.62,2024-01-24,High,Carrie Wright,2,Very better green region training seat offer.
70,267,Pending,615.19,2024-02-04,Low,Desiree Armstrong,2,Different decide including could effort north ground.
71,231,Pending,568.33,2024-01-21,High,Larry Henderson,3,Us price marriage conference will work.
72,51,Pending,385.38,2024-01-23,High,Christopher Strickland,2,Move career space minute wonder.
73,45,Pending,305.48,2024-02-07,Low,Daniel Barnes,2,Easy rule yes effort.
74,291,Pending,411.68,2024-01-11,Medium,Jason Butler,5,Place baby road pick option respond able.
75,114,Pending,579.88,2024-01-30,Low,Mr. Brendan Cook,5,Experience election century example over industry.
76,108,Processing,746.77,2024-02-06,Low,Jared Flores,2,Including remain national chair.
77,486,Shipped,886.07,2024-01-09,Medium,Stephanie Curtis,5,Public nothing and attack story often.
78,392,Processing,85.98,2024-01-26,Low,Paul Gallagher,2,Fund day program alone about hear.
79,111,Shipped,897.88,2024-01-21,High,Rachel Lloyd,4,Wife player laugh forget owner stop visit order.
80,212,Processing,363.16,2024-01-14,Medium,Fernando Alvarez,2,Sort weight drop eat amount.
81,360,Shipped,953.07,2024-01-25,Medium,Carol Russell,4,Everything firm discuss career environment section.
82,82,Pending,252.42,2024-01-27,Low,Willie Zuniga,3,Magazine long thousand arm year.
83,157,Pending,799.69,2024-02-07,Medium,Richard Leonard,4,Media I would daughter job.
84,273,Processing,121.92,2024-02-09,Low,Charles Owens,3,Energy board expect a.
85,102,Processing,818.51,2024-02-05,Medium,Michelle Hall,4,Consumer provide goal shoulder say power sell.
86,440,Processing,16.92,2024-02-05,High,Mr. Todd Keith,3,Decision friend move state professor once.
87,296,Processing,930.37,2024-01-05,High,Keith Morton,3,Yeah realize executive.
88,496,Pending,446.54,2024-02-07,Low,Shawn Cox,3,Whether find food account.
89,409,Processing,440.67,2024-01-28,Medium,Michael Norris,2,Itself produce girl however evidence.
90,95,Pending,163.93,2024-01-09,Medium,Mrs. Emily Poole DVM,3,Space expert place account wonder boy.
91,345,Pending,123.22,2024-01-01,Medium,Gabriela Larson,2,Administration history minute few pretty save of watch.
92,357,Pending,353.11,2024-01-31,High,Laura Malone,1,Town fast owner buy safe.
93,378,Shipped,656.03,2024-01-17,Medium,Janice Brown,1,Choose maintain hospital gun say during bed.
94,294,Shipped,328.35,2024-01-20,High,Nicole Thomas,2,Not book forget capital.
95,12,Pending,352.09,2024-01-25,Low,Danielle Ford,2,Take course sort free fact a.
96,280,Shipped,55.63,2024-01-26,Medium,Anthony Robinson,4,Find main deep.
97,184,Shipped,677.91,2024-02-06,High,Jim Brown,1,Pass trial simple their.
98,381,Processing,356.72,2024-01-03,High,Michelle Lee,4,Worker before personal itself property citizen sure.
99,316,Processing,257.07,2024-01-23,High,Michael Owen,5,Short away many worker not major should.
100,405,Shipped,965.29,2024-01-23,Low,Jill Turner,5,Time quite general possible marriage oil.
101,134,Pending,912.97,2024-01-10,High,Elijah Williams,2,Beautiful edge example follow note single central television.
102,353,Pending,63.87,2024-01-14,Low,Crystal Alexander,5,Do hundred writer move.
103,463,Processing,633.25,2024-01-02,High,William Espinoza,1,Significant soon public community.
104,380,Processing,89.52,2024-01-02,Low,Robert Mccullough,1,White group perform produce.
105,153,Shipped,471.75,2024-01-04,Low,James Espinoza,2,Factor begin analysis young traditional defense.
106,65,Pending,461.77,2024-01-20,Low,Zachary Lopez,5,Official yeah accept owner.
107,240,Processing,375.26,2024-02-11,High,Stephanie Robertson,4,Relationship conference mind behind.
108,209,Processing,454.56,2024-02-02,Low,James Lewis,4,Player laugh instead pass cultural blood enough individual.
109,439,Shipped,957.68,2024-01-13,Medium,Karen Navarro,5,Performance series quality raise community baby.
110,453,Pending,185.31,2024-01-20,High,Jorge Morgan,3,Central building idea trial friend.
111,436,Shipped,562.68,2024-02-12,Medium,Jeanette Barnes DVM,4,Partner risk interesting cold focus former perform.
112,13,Shipped,362.34,2024-01-21,High,Roberto Salazar,2,Those per bed rock she public.
113,137,Processing,653.63,2024-01-07,Medium,Alyssa Ryan,5,Inside wide store worry describe once agreement federal.
114,457,Shipped,865.7,2024-01-31,Medium,Michael Hobbs,5,Determine protect magazine.
115,72,Processing,480.51,2024-02-04,Medium,Teresa Stewart,4,Husband note appear player various question believe although.
116,210,Pending,755.12,2024-02-06,Low,Felicia Thomas,1,Behind suffer low much beautiful person similar.
117,233,Processing,253.3,2024-02-08,High,Randy Ramirez,1,So pattern minute yet value baby rock enter.
118,487,Pending,494.4,2024-01-22,High,Daniel Bowman,2,Just be probably ability fire.
119,32,Processing,470.52,2024-02-02,Medium,Patrick Washington,3,Fire response laugh growth kitchen social Congress major.
120,162,Shipped,677.42,2024-01-12,Low,Heather Jones,2,Dog the indeed until dream.
121,360,Pending,851.87,2024-01-23,Low,Elizabeth Crawford,4,A record eight effort.
122,184,Shipped,374.4,2024-01-04,Low,Jeremy Patton,2,Field involve subject sport professor.
123,248,Shipped,158.27,2024-01-10,Low,Monica Taylor,5,Staff hope player magazine be rock it.
124,322,Pending,547.9,2024-01-14,Low,Maria Pollard,4,Suggest first lose she.
125,146,Shipped,756.31,2024-02-01,Low,Sarah Anderson,5,Card anyone generation.
126,118,Shipped,418.26,2024-02-05,Low,Cassidy Cox,3,Race level sing across talk purpose rest wrong.
127,247,Pending,387.9,2024-01-24,Low,Cynthia Mueller,4,Determine purpose plant development.
128,363,Processing,368.56,2024-01-13,Low,Jessica Alexander,2,Region believe ask within computer all spring.
129,462,Shipped,222.91,2024-02-05,Low,Misty Nunez,2,Watch shake example region air result.
130,102,Processing,489.34,2024-01-30,Low,Carla Gonzalez,2,Partner billion happy.
131,240,Processing,58.58,2024-02-11,Low,Emily Harrison,3,Anything record many strategy follow.
132,212,Shipped,201.82,2024-01-07,Low,Eric Rivera,1,Baby final speech interview window real.
133,258,Shipped,154.96,2024-02-03,Medium,Gregory Nielsen,5,Under expect teach another.
134,317,Processing,991.78,2024-01-08,High,Leslie Gross,2,Learn technology most item campaign force task.
135,405,Pending,900.2,2024-01-10,Low,Thomas Moore,1,Mission section describe safe challenge door weight.
136,3,Processing,220.7,2024-01-30,Medium,Daniel Alexander,3,Early loss thousand program ago game.
137,24,Shipped,357.05,2024-01-13,Low,Tiffany Flores,2,Understand reach study political season.
138,255,Shipped,366.66,2024-01-23,Low,Paul Fields,4,Despite oil age education resource nearly year.
139,273,Pending,122.77,2024-02-07,Low,Amber Lewis,2,Drop sort store year.
140,162,Shipped,439.43,2024-01-12,Medium,Randy Dawson,2,Room result thought.
141,499,Pending,298.38,2024-01-10,Low,Carol Brown,2,Head discover star old general government town.
142,419,Processing,283.18,2024-01-17,Low,Susan Butler,1,Civil benefit I.
143,485,Shipped,811.01,2024-01-12,Medium,Mark Gordon,2,Wind raise wear say say.
144,283,Pending,740.89,2024-01-29,High,Samantha Howard,5,Detail lay five wind last half author.
145,172,Pending,926.82,2024-02-01,Low,Gerald Roberts,3,Worker above amount child itself rather.
146,118,Pending,221.89,2024-01-17,Medium,Robin Brooks MD,1,Case question strategy method.
147,274,Processing,269.77,2024-01-09,Low,Megan Hubbard,4,Brother present else moment.
148,52,Pending,284.51,2024-01-04,Low,Dennis Becker,5,Action wonder no accept politics still sign walk.
149,276,Pending,883.69,2024-02-11,High,Phillip Mcguire,3,Director foot our account skin world hope.
150,461,Processing,30.93,2024-01-23,High,Nancy Carroll,3,Question perform those sit four.
151,30,Shipped,915.14,2024-01-03,High,John Mathis,4,Particular everyone official rule history industry.
152,73,Pending,183.69,2024-01-08,Low,Cody Martin,3,Lead perhaps measure trouble other realize.
153,348,Shipped,231.88,2024-01-24,Medium,Jesus White,4,Over smile method with brother.
154,245,Processing,762.94,2024-01-10,Low,Shane Chapman,1,Stand couple ability within voice still budget.
155,208,Pending,224.82,2024-01-28,Low,Michael Barnes,1,Thing born sometimes range product.
156,358,Pending,889.92,2024-02-07,Medium,Tara Smith,3,Argue specific sea relate discuss although challenge.
157,360,Shipped,551.83,2024-01-19,High,Michael Knight,2,Look and response public piece.
158,302,Shipped,109.91,2024-01-05,Low,Jeremy Miller,3,Want whether herself investment rock others me only.
159,357,Shipped,848.73,2024-01-29,Medium,Richard Riggs,5,Network feel left tend.
160,407,Processing,702.77,2024-02-06,Low,Shawn Montgomery,3,Be represent career.
161,289,Pending,873.47,2024-01-20,Medium,Melanie Adams,3,Program town hot through find.
162,66,Pending,620.06,2024-02-02,High,Michelle Burch,1,International alone collection bit fine.
163,97,Processing,921.98,2024-01-06,High,Elizabeth Hoover,5,Force player dream opportunity ready far attention.
164,111,Shipped,811.77,2024-01-22,Medium,Caitlyn Campos,4,Knowledge north my sign little leg.
165,197,Pending,828.29,2024-01-14,Low,Amy Rose,2,Nature above Mr food newspaper garden.
166,22,Pending,125.75,2024-01-04,Low,Charles Finley,5,Structure clear none scene plan.
167,428,Shipped,660.72,2024-01-31,Low,Timothy Miller,1,Concern apply somebody fact pull sound become beyond.
168,222,Shipped,194.64,2024-01-08,High,Julie Higgins,5,Never often behavior both name later.
169,292,Processing,170.13,2024-01-06,High,John Oconnor,3,Type garden exist sense heavy stand east.
170,114,Shipped,758.89,2024-02-05,High,Nicholas Bolton,1,Adult song kind stand which yeah.
171,280,Processing,339.98,2024-02-09,Low,Stephanie King,5,Sound quite finally idea however response.
172,123,Processing,591.66,2024-01-16,High,Janice Bradley,5,Total data effect century attack place when.
173,177,Pending,40.37,2024-02-11,Low,Yvonne Harris,5,Successful material professor of.
174,293,Pending,529.98,2024-01-25,Low,Christian Horn,3,Right stuff place clearly else drug.
175,365,Shipped,894.84,2024-01-27,Low,Eric Fisher,5,Mr discover bit.
176,339,Processing,93.44,2024-01-08,High,Jose Brennan,2,Service beyond summer floor those minute.
177,385,Shipped,197.53,2024-02-12,Medium,Denise Brown,4,Miss base middle read treatment unit read.
178,189,Shipped,372.77,2024-01-09,Medium,Alexis Ramirez,5,After yeah trip tend son.
179,178,Processing,750.28,2024-01-30,Medium,Shane Porter,3,Involve shake response move special stuff newspaper.
180,9,Pending,583.79,2024-01-27,Medium,John Morales,3,Method bit party citizen analysis.
181,422,Shipped,627.45,2024-01-24,High,Alexander Gonzales,3,Buy possible recognize.
182,477,Processing,755.67,2024-01-08,Low,Renee Smith,4,Adult often middle she difficult growth however them.
183,163,Processing,853.26,2024-01-02,High,Gary Watson,3,Republican candidate indicate sign herself to minute.
184,87,Shipped,278.94,2024-02-09,Medium,David Klein,2,Occur fine trade pick require six.
185,326,Pending,741.85,2024-01-07,Medium,Kimberly Smith,2,Expert professional hope probably.
186,124,Shipped,561.03,2024-01-09,Medium,Daniel Casey,3,Contain training others ever each nor.
187,115,Pending,483.34,2024-01-07,Low,Andrew Wright,4,Yet part garden author effort.
188,231,Shipped,395.21,2024-01-08,High,Connor Rice,5,Possible student Mrs six.
189,353,Processing,802.01,2024-01-16,High,Gregory Barker,3,A school more end bill several maintain.
190,386,Processing,655.49,2024-01-13,Medium,Dawn Castillo,3,Drug language charge team back term.
191,391,Pending,99.57,2024-01-26,Low,Taylor Schaefer,1,Be fall agree paper deep husband follow.
192,397,Processing,873.88,2024-01-14,High,Holly Dodson,4,Man kid whole.
193,29,Shipped,541.36,2024-01-27,Low,Kevin Ward,2,Table she music watch increase.
194,48,Processing,206.46,2024-01-12,High,Jennifer Garcia,1,Body course perform fight foot director.
195,487,Pending,746.33,2024-01-25,Low,Deborah Morris,3,Speak prepare nothing watch threat glass medical.
196,122,Pending,950.25,2024-02-03,Low,Robert Newton,2,Tonight better door whole forget mention.
197,476,Pending,924.66,2024-02-10,Medium,Jesse Williamson,1,Suddenly raise side four whatever reason them.
198,283,Processing,526.8,2024-01-18,Medium,Catherine Nelson,5,Exist sometimes night western senior society very.
199,492,Pending,985.23,2024-01-03,Low,David Smith,5,Impact red pretty agent value.
200,330,Processing,613.77,2024-02-07,High,Brian Miller,4,End network treatment hit language face.
201,207,Pending,158.33,2024-01-03,Medium,Margaret Baxter,1,Vote speak with set deal.
202,181,Processing,369.82,2024-01-01,High,Willie Cox,2,Art hotel adult really food establish economy visit.
203,445,Pending,783.89,2024-02-02,Low,Mary Collier,5,North table every picture.
204,447,Shipped,622.5,2024-01-08,Low,Marcia Cain,5,Dark record defense into he begin.
205,108,Pending,74.83,2024-01-24,High,Harold Jenkins,3,So article nothing itself.
206,397,Pending,629.72,2024-01-13,High,Bradley Newman,1,New road gas method little head past.
207,279,Processing,353.12,2024-01-04,Low,Jo Garrison,5,Toward more approach despite trip parent college.
208,340,Processing,319.9,2024-01-23,Medium,Sabrina Cardenas,2,Most these across sometimes style.
209,199,Shipped,128.51,2024-02-06,Low,Douglas Rodriguez,4,Church large quality decide remain travel certainly.
210,176,Shipped,608.68,2024-01-02,High,Tracy Harris,2,Station animal report teach allow.
211,17,Processing,812.56,2024-01-28,High,Stephanie Ray,4,Alone adult role interview.
212,343,Processing,492.03,2024-01-18,High,Allison Alvarez,3,Activity high bit organization lot.
213,389,Processing,989.64,2024-02-09,High,Dustin Flynn,4,Enjoy whether road gas.
214,146,Processing,61.47,2024-01-02,High,Joan Gibbs,5,Southern president detail develop.
215,246,Shipped,62.71,2024-02-11,Low,Angela Cooper,1,Democrat allow allow so state.
216,86,Processing,117.96,2024-01-11,Low,Mrs. Sarah Brown,2,Section create out news behavior agreement.
217,172,Processing,443.06,2024-01-19,Low,Lauren Roberts,2,Mention speak create ahead.
218,407,Processing,465.44,2024-02-01,Low,John Wilson,2,Modern act partner woman court.
219,364,Pending,151.33,2024-01-27,Low,Christian Trujillo,2,Yes here table research probably.
220,272,Pending,100.43,2024-02-02,Low,Eric Smith,5,White situation develop service natural born.
221,351,Processing,583.84,2024-01-09,Medium,Brian Carpenter,1,Peace community candidate successful.
222,400,Shipped,920.66,2024-01-26,High,Tyler Stewart,4,Focus return should.
223,137,Shipped,450.98,2024-01-15,High,Chelsea Terry,1,Debate tend forget.
224,235,Pending,455.63,2024-02-07,Low,Ashley Green MD,2,Standard very bag education play put production.
225,42,Processing,935.91,2024-01-24,Low,Erika Leonard,3,Thing everyone require happy example raise fill fall.
226,31,Shipped,444.55,2024-02-02,Low,Jessica Zamora,4,Specific team consumer try like.
227,215,Processing,149.14,2024-02-02,High,William Goodman,3,Pm candidate how indeed including fill.
228,472,Shipped,680.1,2024-01-31,High,Connie Wilson,5,Let blood perform foreign remain develop.
229,11,Pending,512.44,2024-01-14,Medium,Elizabeth Greer,2,Democratic military whom.
230,403,Shipped,775.92,2024-01-24,Medium,Aaron Frank,1,State second wonder operation.
231,139,Processing,717.44,2024-01-28,Low,Allen Jackson,3,Goal with argue worry similar too officer.
232,313,Processing,436.83,2024-01-12,Medium,Thomas Norman,2,Movie two since among else back.
233,477,Processing,33.88,2024-01-14,Low,David Rodriguez,2,Parent interview production result budget along activity.
234,248,Shipped,54.25,2024-02-02,Medium,Stephanie Castro,4,Break economic across choice research lose stand.
235,213,Processing,723.37,2024-01-27,Medium,Pamela Rose,3,Why sometimes green similar what store first.
236,318,Processing,761.58,2024-01-30,Medium,Michelle Powell,2,Save development us others decision.
237,28,Pending,85.03,2024-02-08,Low,Michael Pierce,3,Level why exactly discussion page.
238,372,Processing,181.21,2024-02-10,Low,Nicholas Rasmussen,2,Own movement say face.
239,221,Shipped,479.39,2024-02-07,Low,Elizabeth Garcia MD,2,Identify under card among speak their wrong.
240,371,Shipped,619.87,2024-01-06,Medium,Jason Thompson,1,Control air appear question light.
241,348,Pending,69.54,2024-01-14,Medium,Shawn Thomas,5,Will special long green.
242,163,Processing,753.52,2024-02-04,Medium,Theresa Roy,4,Ago possible perform front stock name.
243,39,Pending,603.73,2024-02-04,High,Jeremy Bowman,4,See enough receive skin soldier fish east energy.
244,166,Pending,973.18,2024-01-12,Medium,John Dickerson,3,Analysis degree particular fish save charge produce price.
245,269,Processing,454.83,2024-01-28,Medium,Leslie Joyce,2,Across identify assume word husband guess idea.
246,486,Pending,277.91,2024-01-23,Medium,Lauren Lopez,2,Step natural himself ago color administration very have.
247,427,Pending,54.75,2024-01-11,High,Amber Schwartz,5,Mission painting cover indicate point.
248,399,Processing,616.95,2024-01-21,High,Joseph Thompson,2,Office term perhaps site start some green under.
249,162,Processing,500.13,2024-01-13,High,Richard Moore,2,Hope visit student full.
250,92,Pending,931.07,2024-02-05,High,Noah Barker,5,Attack stock agent Democrat themselves pay computer must.
251,127,Processing,701.35,2024-02-04,Medium,Patricia Mora,2,Since speak later huge.
252,283,Pending,149.05,2024-01-15,Medium,Benjamin Marquez,1,Ready dark lawyer change blood night thank garden.
253,358,Shipped,662.39,2024-01-31,Medium,Jack Clark,1,Risk establish newspaper appear lay really.
254,326,Processing,883.51,2024-01-15,High,Brian Garrison,5,Argue news through very word.
255,445,Pending,80.99,2024-02-08,Low,Mindy Dixon,4,Happy reveal week similar budget somebody.
256,454,Pending,822.35,2024-01-11,High,Angelica Johnson,2,Coach race respond increase.
257,330,Shipped,605.19,2024-01-27,Medium,Toni Kennedy,2,Threat then offer discussion green realize expect.
258,86,Shipped,276.26,2024-01-26,Medium,Aaron Khan,2,As street just eye those end break visit.
259,402,Shipped,410.52,2024-02-03,High,Courtney Walters MD,4,Parent else travel meet entire though forget drop.
260,62,Processing,966.62,2024-01-15,Low,Maria Jones,2,Create around spend sport.
261,368,Pending,564.32,2024-02-10,Medium,Stacy Jones,2,Two maintain apply.
262,88,Processing,725.03,2024-02-03,Medium,Jonathan Nichols,3,Forward form land yourself.
263,346,Shipped,113.03,2024-02-11,High,Robert Martinez,5,Choice physical eight.
264,329,Processing,217.28,2024-01-07,High,April Jones,2,Owner attorney else news interview skin later nice.
265,13,Shipped,333.24,2024-02-03,Medium,Stephanie Hernandez,1,Keep entire still teacher.
266,392,Shipped,395.8,2024-01-30,Low,Lisa Mckinney,4,Free describe ever end.
267,82,Processing,225.75,2024-01-22,High,Vanessa Mclaughlin,5,Ever side new cell family free explain.
268,470,Processing,899.3,2024-02-13,High,Mrs. Janet Rangel,4,Protect tree north agree billion responsibility protect.
269,78,Pending,827.69,2024-01-13,High,Sarah George,4,Good policy necessary popular often.
270,346,Pending,419.96,2024-01-01,High,Jay Carson,2,Stock national cold then on but.
271,141,Pending,69.78,2024-01-26,Low,Brendan Ali,1,Summer heavy sea own.
272,67,Shipped,687.66,2024-01-04,Low,Grace Bond,2,Nature so human partner parent.
273,204,Pending,304.24,2024-02-08,High,Tina Alvarado,4,Measure century help operation.
274,403,Processing,614.37,2024-01-19,Medium,Taylor Jackson,2,Admit identify clearly natural share begin.
275,123,Shipped,150.84,2024-01-08,Medium,Nicholas Johnson,2,Throw prove debate career mother trip bit series.
276,461,Shipped,990.05,2024-01-24,Low,Ariel Stephenson,2,On gas parent book throughout left leader.
277,227,Shipped,978.4,2024-02-13,Low,Andrea Gross,4,West college interesting trip doctor team.
278,198,Processing,552.14,2024-01-11,Low,Zachary Padilla,2,Suggest go accept.
279,239,Shipped,733.38,2024-01-24,High,Tracy Hughes,2,Area build marriage then.
280,257,Processing,32.12,2024-01-13,Low,Stephanie Mills,5,View million north debate house ball simply.
281,152,Processing,570.36,2024-02-04,High,Kelly Gonzales,5,Represent floor agent have to alone foreign line.
282,266,Processing,687.02,2024-01-31,Medium,Kimberly Oconnor,4,Stage down rock discuss.
283,234,Processing,274.65,2024-02-09,Medium,Daniel Wise,3,Sell process customer fly maintain.
284,491,Shipped,427.99,2024-01-16,High,Albert Ryan,3,Ahead serious former fly air break act.
285,228,Pending,893.66,2024-01-30,Medium,Lori Jones,4,Fight indicate market job writer you.
286,472,Shipped,652.77,2024-01-26,High,Kenneth Bailey,1,Instead occur society star should clear sea.
287,147,Pending,358.98,2024-01-16,Medium,Cassidy Butler,4,Yard concern wall artist where.
288,10,Processing,257.17,2024-02-04,Medium,Zoe Jackson,4,Call machine new unit way series.
289,3,Pending,305.52,2024-01-16,Medium,Lindsey Williams,4,View kid more student analysis north.
290,4,Processing,503.79,2024-02-02,Medium,George Sloan,3,Television people everything traditional democratic commercial support.
291,467,Shipped,785.31,2024-01-18,Medium,Charles Wallace,4,Computer agency give family.
292,267,Shipped,477.41,2024-01-18,High,Sarah Arnold,1,Specific loss evidence just detail myself force.
293,259,Processing,975.97,2024-01-02,Medium,Melinda Mclaughlin,5,Huge attorney hospital step budget involve develop how.
294,127,Shipped,547.35,2024-02-03,High,Brittney Wright,2,Cut size involve organization leave less.
295,329,Shipped,204.21,2024-01-05,High,Brendan Foster,1,Produce through future hear.
296,374,Processing,928.6,2024-01-13,Low,Eric Lee,4,Keep product administration.
297,384,Shipped,782.62,2024-01-30,Low,Steven Page,1,Opportunity what million job we according.
298,305,Shipped,299.23,2024-02-04,Medium,Eric Miller,4,Out cover scientist church rate meet mission between.
299,162,Pending,580.7,2024-01-14,High,Jodi Harper,1,If prepare make process home.
300,369,Pending,998.88,2024-02-04,High,Louis Hampton,3,Down sound newspaper likely first same friend.
301,459,Pending,786.27,2024-01-31,Low,Gabriel Smith DDS,2,Fight show pass from class could.
302,98,Shipped,629.57,2024-01-13,High,Nancy Williams,4,Red describe evidence represent build.
303,399,Shipped,660.9,2024-01-13,Low,Michele Aguilar,5,Statement green break life size visit special.
304,436,Pending,116.61,2024-01-31,High,Rhonda Montoya,4,Action decision five cover create few.
305,412,Processing,740.87,2024-02-07,Low,Evan Medina,2,See carry question.
306,72,Processing,852.47,2024-01-05,High,Nathan Little,4,My base these public nice or.
307,391,Shipped,457.01,2024-01-02,Low,Aaron Murphy,5,Continue probably certainly movie center.
308,45,Pending,817.19,2024-02-13,Medium,Olivia Diaz,4,Leg professional key approach walk.
309,236,Processing,534.89,2024-02-11,Low,Dr. John Payne,5,Subject scientist yes fall arm stop.
310,496,Shipped,29.4,2024-01-27,Low,Christina Jordan,5,Power piece place senior child arm talk.
311,145,Pending,784.47,2024-01-24,High,Susan Briggs,1,Remember increase discuss.
312,465,Shipped,887.72,2024-01-25,Medium,Joseph Curry,4,Note through treat suddenly over general.
313,1,Processing,694.81,2024-01-22,High,Rebecca Sandoval,4,Question beat car every hotel.
314,297,Shipped,714.29,2024-02-07,Medium,Holly Mccarthy DVM,3,Sign throughout watch night chair painting.
315,409,Shipped,794.87,2024-01-17,High,Karen West,3,Sort hospital ever couple television company break.
316,218,Pending,20.18,2024-01-23,Low,Courtney Shaw,3,Consumer hospital provide friend.
317,177,Pending,970.15,2024-01-15,Low,Melissa Gould,4,Six result course likely son industry pick.
318,95,Pending,935.66,2024-01-07,High,Summer Mclaughlin,3,Democrat draw cell necessary meet attention seat provide.
319,173,Processing,587.4,2024-01-24,Low,Jackie Wheeler,4,Itself ten ever.
320,39,Pending,521.72,2024-01-30,Medium,William Ramirez,4,Pm firm religious start understand exactly.
321,209,Processing,59.93,2024-02-03,High,Kaitlin West,4,Democrat he item speech many.
322,32,Processing,946.43,2024-01-10,High,Crystal Rowe,5,Family table western he.
323,471,Processing,451.16,2024-01-14,Medium,Carolyn Jones,1,Reduce when trip black pretty.
324,114,Pending,738.74,2024-02-10,Low,Laura Rivera,4,Court will soon case development produce yeah accept.
325,51,Pending,821.38,2024-02-11,High,Rebecca Schneider,5,Out ground few.
326,480,Shipped,643.23,2024-02-08,Low,Virginia Solomon,3,Sit commercial accept assume collection difficult.
327,42,Pending,394.08,2024-01-16,Medium,Jennifer Wolf,2,Six the surface Congress issue.
328,347,Shipped,333.11,2024-02-04,Low,Kristin Cain,5,Manage away itself traditional write.
329,400,Processing,448.23,2024-02-13,Medium,Mark Jacobs,5,Relate seem we citizen require certain easy.
330,477,Shipped,563.78,2024-01-09,Low,Kelly Rodriguez,2,Including former give lawyer action.
331,94,Processing,392.44,2024-01-04,Low,Jeremiah Garcia,5,Rate work model officer how.
332,345,Processing,224.56,2024-01-14,Medium,Anthony Cross,3,However friend think true stand level.
333,345,Shipped,254.65,2024-01-27,Low,Brittney Riley,5,Free space discuss interesting west.
334,169,Processing,67.46,2024-02-03,Medium,Abigail Henderson,2,Southern late thousand however.
335,239,Processing,26.05,2024-01-22,High,Laurie Caldwell,5,Concern meet sign agency class.
336,461,Processing,482.24,2024-02-04,Low,Jacqueline Brown,4,President rise force building hand raise.
337,246,Shipped,504.32,2024-01-23,Medium,Stephanie Brown,4,Year training night environmental along season interview.
338,26,Processing,628.95,2024-01-26,Medium,Greg Smith,2,Start score employee.
339,188,Processing,274.54,2024-01-29,Medium,Vickie Pollard,5,Population who maintain ten employee by.
340,478,Pending,388.67,2024-01-10,Medium,Bethany Wong,4,Employee free official simple marriage better lose.
341,288,Shipped,27.58,2024-02-04,Low,Christine Harrison,3,Short commercial report floor.
342,458,Pending,427.49,2024-01-14,Medium,Thomas Ingram,1,Section church president.
343,154,Processing,811.09,2024-01-13,High,Christopher Davis,5,With assume whose move final stage majority trip.
344,204,Processing,63.4,2024-02-07,High,Carlos Walton,4,Pattern wear go matter evening year arm small.
345,307,Processing,973.02,2024-01-25,Medium,Jessica Coffey,2,Simple help true support wall end woman public.
346,283,Pending,302.14,2024-01-17,High,Richard Fitzgerald,3,North also particular deep chance.
347,24,Shipped,285.3,2024-01-08,Medium,Edward Robertson,3,Gun Mrs majority thus.
348,306,Processing,953.67,2024-02-07,High,Rachel Mason,3,It game citizen start.
349,265,Pending,367.42,2024-02-07,Medium,Jose Ramsey,2,Join manage make.
350,37,Pending,637.78,2024-01-08,High,Jasmine Keller,2,So effort without scientist.
351,120,Shipped,790.32,2024-01-11,High,Christian Franklin MD,2,Situation entire reason require one.
352,86,Processing,364.99,2024-01-27,High,Dr. Catherine Parks,3,Reason have animal teacher create present they.
353,64,Shipped,361.3,2024-02-02,Low,Kevin Rivers,1,Even stock beat part.
354,226,Processing,459.34,2024-02-02,High,Matthew Morgan,4,Thank chance purpose production.
355,95,Pending,77.8,2024-01-18,High,Hector Morgan,3,Throughout later recognize whatever begin sure.
356,188,Pending,786.17,2024-01-07,Medium,John Clark,5,Well cut travel low imagine year.
357,190,Pending,461.5,2024-02-05,Medium,Robert Bradley,1,Near network stand doctor big necessary.
358,358,Shipped,40.89,2024-01-26,Low,William Riley,5,Heavy notice left.
359,53,Processing,778.42,2024-01-17,High,Hayden Bridges,2,Result old million remember huge wall.
360,240,Shipped,744.51,2024-01-09,Medium,Gary Aguirre,1,Role necessary evidence spend.
361,228,Pending,979.82,2024-01-20,Low,Maria Webb,1,Involve actually behind expert.
362,137,Processing,731.55,2024-01-12,Medium,Debra Jones,4,Response these investment wear impact stay other.
363,204,Processing,595.37,2024-01-07,Low,William Duke,3,Skill sea sister your hair commercial including result.
364,189,Shipped,856.29,2024-01-04,High,Brittany Collins,1,Identify world later bank drive politics.
365,382,Pending,189.02,2024-01-16,Low,Richard Kline,2,Young I group sea agent.
366,189,Pending,551.3,2024-01-08,Medium,Stephanie Salazar,5,Major produce heart fall focus finish best result.
367,289,Processing,14.88,2024-01-27,Medium,Andrew Phillips,5,Type poor along resource market social go.
368,203,Processing,973.95,2024-01-07,Low,Jennifer Gilbert,1,Any important report page simple.
369,155,Pending,477.72,2024-01-15,High,Eric Jones,2,Marriage sense community author.
370,352,Pending,569.99,2024-01-25,High,Anthony Henderson,3,Few report night another.
371,247,Pending,362.9,2024-01-27,High,Adrienne Harris,4,Statement simply send.
372,269,Shipped,29.18,2024-01-28,High,Ashley Johnson,4,Here fire interview no form these.
373,267,Pending,955.3,2024-02-13,Medium,Erika Wilkinson,1,Check party get middle when his government.
374,179,Processing,637.53,2024-02-02,Low,Nicholas Smith,2,Top subject teacher whether deep prepare network.
375,482,Shipped,135.23,2024-01-21,Low,Michelle Sweeney,5,Main approach between interest late probably.
376,171,Pending,394.43,2024-02-07,Medium,Christina Richardson,2,Out space hope other quite truth.
377,481,Pending,203.45,2024-02-10,Medium,Richard Nguyen,2,Ready town enough smile far approach act time.
378,410,Shipped,170.99,2024-01-17,High,Mr. Jacob Wood,4,Behind stay feel staff.
379,322,Shipped,610.94,2024-01-18,High,Donald Peters,1,Himself case study effect still before us.
380,201,Shipped,27.89,2024-01-24,Medium,James Holmes,3,Himself raise economic.
381,18,Processing,280.49,2024-01-21,Medium,Diana Blair,2,Concern culture trial including race evening appear.
382,490,Shipped,393.01,2024-01-04,High,Derrick Gutierrez,5,Issue decade huge program wish song check.
383,137,Processing,599.18,2024-02-04,Medium,Holly Meyer,2,Lose tend assume.
384,267,Pending,586.83,2024-02-06,Medium,Johnny Garrett,2,Population focus religious.
385,441,Processing,536.61,2024-01-11,Medium,Terry Bailey,5,Rather though image.
386,327,Processing,491.44,2024-01-21,High,John Barron,3,Catch certainly herself many imagine fight.
387,196,Shipped,528.66,2024-02-11,High,Rebecca Bush,5,Range he hear activity party data.
388,29,Processing,350.16,2024-02-03,Low,Julie Wilson DVM,1,Listen season large south imagine.
389,338,Shipped,873.2,2024-01-09,High,Aaron Rollins,2,Or understand discuss feel.
390,171,Processing,851.12,2024-01-15,Medium,William Carter,3,Likely area heavy with old recently able against.
391,347,Pending,637.33,2024-01-06,Medium,Toni Dennis,1,Reality ok may night he daughter.
392,468,Processing,538.08,2024-01-20,Low,Kyle Brown,1,It effort lose show.
393,227,Pending,386.76,2024-01-27,Low,Bob Ross,2,Water crime exactly compare election pass.
394,68,Shipped,608.5,2024-01-11,Medium,Deborah Kennedy,3,Yeah remember subject particularly cause.
395,443,Pending,512.96,2024-01-18,Low,Scott Ewing,2,Near lawyer skill student against such rather.
396,324,Shipped,910.1,2024-02-06,Medium,Lucas Hubbard,1,Number indeed computer material natural.
397,133,Pending,722.42,2024-01-19,High,Steven Wood,1,So staff either reality.
398,253,Shipped,86.07,2024-01-16,Medium,Christie Nelson,5,Country truth career white action whose.
399,105,Processing,466.79,2024-01-13,High,Daniel Mack,2,Anything attack join source arm and their season.
400,392,Shipped,556.25,2024-02-07,Low,James Thompson,5,Brother relationship if.
401,207,Pending,670.4,2024-02-10,High,Amanda Barnes,3,Safe police while project form heart room.
402,227,Shipped,571.78,2024-02-12,High,Nancy Greer,1,Determine leg mouth us his little land.
403,158,Processing,961.74,2024-01-05,Medium,Amy Crane,2,Town well wish reveal rich build.
404,293,Pending,881.11,2024-02-03,Low,Eric Marshall,1,Easy better series federal.
405,122,Pending,488.56,2024-01-07,Medium,Amber Wood,5,Leave character might they return music decade another.
406,160,Pending,873.34,2024-01-18,Low,Kelly Jackson,4,Art set eat edge these.
407,65,Pending,627.01,2024-01-12,Medium,Melanie Wilson,2,Best never job stock.
408,234,Processing,135.46,2024-01-03,Medium,Joshua Medina,2,Phone bad room indicate while population.
409,184,Processing,15.17,2024-01-13,High,Justin Price,1,Possible lay above somebody.
410,272,Processing,888.88,2024-02-02,High,Anne Davis,4,Guy him prove public into itself every.
411,89,Processing,72.79,2024-01-07,Medium,Michelle Farmer,4,Event discuss ago door according.
412,409,Processing,908.58,2024-01-03,High,Amanda Stuart,1,My training then.
413,349,Shipped,727.03,2024-02-04,Medium,Laura Martin,4,Explain wait learn claim.
414,310,Processing,904.48,2024-01-14,Medium,Anna Ryan,3,Throughout list PM edge every collection.
415,426,Shipped,275.62,2024-01-18,High,Joseph Henderson,3,Forget election voice guy threat need interest sit.
416,190,Pending,796.78,2024-01-18,Low,Kayla Lewis,5,Task receive couple heavy nothing travel.
417,490,Pending,154.78,2024-01-04,Medium,Eric Kennedy,5,Fact similar traditional night.
418,28,Shipped,225.93,2024-01-26,High,Michael Phillips,4,Young hard development.
419,332,Processing,981.22,2024-01-30,Low,Timothy Doyle,4,Mention professional these body.
420,55,Shipped,403.36,2024-02-06,Low,Maureen Ortiz,5,Carry source certain institution return.
421,109,Processing,210.12,2024-01-03,Medium,Danny Richard,3,Individual option friend rather each seat.
422,209,Pending,988.68,2024-01-20,Medium,Diana Brown,5,Little dream site price wear happen.
423,382,Pending,295.78,2024-01-18,Medium,Scott Shelton,5,Thing include little hot direction.
424,387,Pending,478.58,2024-02-13,High,Ellen Curry,1,Southern million friend.
425,184,Processing,134.22,2024-01-31,High,Emily Baker,5,Bring ability heart president bag word western share.
426,154,Pending,316.84,2024-01-02,High,John Jenkins,1,Site which particularly off hair wife.
427,28,Processing,183.05,2024-02-10,Low,Michael Allen,2,Color try down fish.
428,232,Pending,148.33,2024-01-18,Medium,Michael Wong,2,Seem responsibility decision act model family line.
429,266,Shipped,57.17,2024-01-01,Low,John Simon,1,Again somebody participant evidence anyone support.
430,370,Processing,916.86,2024-01-03,High,John Anderson,3,Visit war along job.
431,312,Pending,636.65,2024-01-19,Medium,Christine Vega,5,Edge benefit nor evidence learn back.
432,172,Shipped,16.63,2024-01-30,Medium,Wendy Cross,2,Could go season support carry rock fly.
433,264,Pending,210.2,2024-01-08,High,Shawn Wilson,3,Reason mean coach tax.
434,12,Shipped,626.02,2024-02-04,Medium,Edward Montoya,3,Rest finish talk expect occur.
435,95,Pending,262.09,2024-01-20,Low,Caitlin Rivas,3,With trouble simply letter.
436,375,Processing,723.28,2024-02-01,High,Scott Ward,5,System staff before game will local.
437,47,Shipped,722.09,2024-01-17,Medium,Ashley Franklin,3,Pull occur PM chance.
438,379,Shipped,437.86,2024-01-12,Medium,Laura Simmons,5,So since knowledge feel but.
439,446,Processing,837.06,2024-02-01,High,Mckenzie Kerr,5,Step guy person goal teach camera.
440,3,Shipped,179.59,2024-01-11,High,Andrew Wilson,5,Home result onto without surface service cover.
441,382,Pending,180.79,2024-01-31,Medium,Jessica Davies,5,Employee risk also others woman.
442,236,Shipped,540.46,2024-01-12,High,Stacey Steele,4,Political up else support laugh.
443,154,Shipped,145.42,2024-01-24,High,Michelle Robinson,4,Team energy response current gun should this talk.
444,359,Pending,516.91,2024-01-13,High,Valerie Brock,1,All fight share onto care manage.
445,385,Pending,112.64,2024-01-06,Low,Luke Booth,5,Peace interest wait part executive.
446,393,Shipped,967.81,2024-02-11,Low,Casey Carter,1,Well spend huge detail occur else use.
447,98,Pending,766.98,2024-01-23,Low,Andrew Hernandez,2,Main pattern ground a government director.
448,87,Pending,497.72,2024-01-22,Medium,Sherri Anderson,4,Hard nature result entire early discover car.
449,299,Pending,891.53,2024-01-05,Medium,Michael Horton,3,Film number participant student mean.
450,497,Shipped,414.18,2024-02-12,High,Jacob Davis,4,Season father too professional nor defense that.
451,238,Processing,44.68,2024-01-04,High,David Gallagher,3,Yourself method free hair Mrs carry.
452,114,Processing,789.46,2024-02-12,High,Terry Johnston,2,Image air available along whatever page.
453,224,Pending,849.54,2024-02-02,High,Karl Mccarthy,3,Industry remember drive effort try.
454,187,Shipped,325.52,2024-02-06,Medium,Leslie Acevedo,3,Life than note why girl measure safe.
455,261,Processing,390.22,2024-01-13,High,Gregory Meyer,4,For someone chair mouth reveal now tend heart.
456,350,Processing,133.28,2024-01-24,Medium,Jacob Little,5,Seem series home home.
457,47,Processing,134.23,2024-01-07,High,Shane Garcia,2,Popular change herself particularly spend.
458,22,Pending,972.42,2024-01-19,Medium,Glenda Dawson,1,Foot building push cold food share player actually.
459,179,Shipped,742.68,2024-01-07,High,Terry Coffey,3,Mr art whatever kid room morning nature.
460,302,Shipped,918.78,2024-01-22,High,John Reyes,3,Operation direction than smile marriage weight prepare.
461,252,Pending,569.05,2024-01-31,Medium,Katherine Bailey,2,Senior physical mission nature program.
462,6,Processing,42.66,2024-01-30,Low,Julie Moore,1,Street sign direction stage fast another you.
463,396,Pending,49.29,2024-01-20,Medium,Diana Thompson,3,Tree too ability million order pass window.
464,9,Pending,686.23,2024-01-12,Low,Eric Logan,2,Fire kitchen look fund figure chair.
465,290,Pending,689.49,2024-01-20,High,Rodney Miller,5,One name might.
466,88,Processing,765.84,2024-02-09,Medium,Jennifer Burgess,2,Debate citizen list together.
467,78,Shipped,756.56,2024-01-14,Low,Mike Wilson,3,Own put right day admit growth.
468,349,Processing,745.17,2024-02-02,Medium,Dennis Fisher DDS,4,Here region owner rise entire particular data.
469,279,Processing,22.33,2024-02-10,Medium,Courtney Williams,3,Meeting next experience tax often huge.
470,255,Pending,716.82,2024-02-03,High,Nathan Mathews,1,Evening far our forget scene.
471,331,Shipped,641.59,2024-02-03,Low,Tiffany Daniels,4,Meet store late our.
472,120,Pending,701.09,2024-01-18,Medium,Marcus Powers,3,Box guess beyond stand offer.
473,379,Processing,321.3,2024-02-02,Low,Steven Taylor,4,Deal manage west response try.
474,171,Pending,49.42,2024-01-02,Low,John Johnson MD,4,Owner include speech management line ability.
475,171,Shipped,791.01,2024-01-14,Medium,Steve Alexander,1,Rock serious along doctor Mrs.
476,346,Processing,805.37,2024-01-15,Low,Megan Griffin,1,Property trial skin walk law.
477,205,Pending,485.55,2024-01-08,Low,Kenneth Rogers,3,Accept painting the local guy could source.
478,42,Shipped,715.56,2024-01-02,Low,John Thomas,2,Product feeling painting Mr road simply most four.
479,383,Pending,414.71,2024-02-13,Low,Beth Olson,4,Mr say child head fly story resource.
480,408,Shipped,677.08,2024-01-28,High,Melanie Kaufman,2,Sing western accept example road attention against.
481,260,Shipped,861.39,2024-02-05,High,Lisa Murphy,2,Rate establish public phone citizen human.
482,500,Shipped,995.53,2024-01-23,Low,Todd Flores,4,Important TV plan nice.
483,196,Pending,873.97,2024-01-05,High,Blake Graham,3,Chance share yet answer popular truth while.
484,88,Shipped,560.4,2024-01-10,High,Brandon Miles,3,Organization add piece physical maybe situation.
485,432,Shipped,584.04,2024-02-10,Medium,Anna Huerta,3,Hundred TV rest.
486,113,Processing,58.24,2024-02-11,Low,Tiffany Williams,5,Show station stuff break these instead.
487,227,Shipped,296.68,2024-01-28,High,William Merritt,4,Machine letter direction total air.
488,117,Processing,799.47,2024-02-09,Medium,Christine Lee,2,Popular production what ago item idea type site.
489,339,Pending,174.69,2024-02-06,Low,Joseph Sanders,1,Most edge fill under community short.
490,82,Pending,638.94,2024-01-30,Low,Anthony Meadows,4,Maybe idea prevent soldier anyone seat size.
491,279,Shipped,272.17,2024-01-23,Low,Jeff Le,4,Song especially threat gas model although.
492,72,Shipped,433.93,2024-02-04,Low,Jared Lambert,3,Follow country professional point some guy see.
493,399,Pending,36.65,2024-01-16,High,William York,4,Image cup over almost by exist prepare.
494,268,Pending,698.09,2024-02-06,Low,Stephanie Forbes,1,Central although hair stage sea.
495,292,Processing,272.24,2024-01-16,High,Holly Lee,5,Social hour around be.
496,271,Pending,659.87,2024-01-16,High,Ronald Hammond,2,Which argue federal city rise already.
497,6,Pending,582.47,2024-02-07,Medium,Eric Montoya,1,West suddenly source street themselves.
498,211,Pending,657.8,2024-02-02,Medium,Allison Smith,1,Discover TV stage never medical word standard.
499,244,Processing,997.19,2024-01-22,High,Julia Green DDS,5,Take property course.
500,93,Processing,489.74,2024-02-06,High,Timothy Mccormick,4,Think son treat poor.
501,50,Pending,108.26,2024-02-10,Medium,Debra Torres,3,Hotel low step fire international share.
502,464,Pending,313.48,2024-02-03,Low,Francisco Garcia,2,General plant skin technology sport.
503,210,Processing,850.37,2024-01-23,Low,Daniel Cross,1,Film think home trial public into.
504,105,Shipped,83.73,2024-01-06,Low,Jennifer King,5,Three exist walk already officer spring.
505,342,Processing,248.5,2024-01-14,High,John Williams,5,Tv the hand remember material decide indicate point.
506,211,Pending,710.54,2024-01-18,Medium,Heather Allen,2,Last action tell some five quite system.
507,387,Shipped,876.54,2024-02-01,High,Mary Cruz,4,South imagine bar reflect key.
508,54,Processing,889.29,2024-02-08,High,Misty Adkins,4,Upon medical part look free.
509,334,Shipped,354.13,2024-01-11,Medium,Terry Gonzalez,4,Accept night involve law.
510,457,Shipped,936.67,2024-02-06,High,Rebecca Turner,5,Force key mouth hundred.
511,225,Processing,948.78,2024-01-25,Medium,Christopher Thomas,3,Increase fire Mrs chair out could over.
512,408,Pending,173.31,2024-02-01,High,Ashley Curtis,1,Care school letter answer.
513,362,Shipped,925.56,2024-02-08,Medium,Thomas Coleman,4,Fish field sign response draw page whole.
514,72,Shipped,288.66,2024-02-03,Low,Lisa Smith,2,Century interest along bank democratic left.
515,336,Pending,417.12,2024-02-08,Medium,Austin Carter,2,Become for actually condition later.
516,348,Shipped,240.08,2024-01-04,High,Carol Flores,3,Guy religious letter food off wear woman.
517,5,Shipped,754.47,2024-01-17,High,Abigail Sanchez,4,Commercial rule kid understand.
518,233,Processing,202.08,2024-01-22,Low,Kathleen Perkins,5,A up bit production.
519,366,Pending,85.51,2024-02-03,Medium,Jennifer Lee,4,Social southern defense.
520,317,Shipped,925.62,2024-01-03,Medium,Mrs. Julie Weeks,3,Must contain third.
521,300,Shipped,746.27,2024-01-16,Low,Rebecca Herrera,5,Everybody whom interest foreign language.
522,104,Processing,177.42,2024-01-16,High,Victoria Anderson,4,General who worry floor mother.
523,110,Pending,640.54,2024-02-07,High,Matthew Mcdonald,4,Camera difficult coach positive people my.
524,273,Shipped,558.05,2024-01-06,High,Jason Blake,1,Little language us dog.
525,141,Shipped,524.23,2024-01-01,Medium,Kelly Cummings,2,Even car option majority spend talk audience.
526,270,Shipped,624.97,2024-01-19,Medium,Nancy Molina,2,Plan act participant keep responsibility several couple.
527,339,Shipped,57.42,2024-01-31,Medium,Maria Jackson,4,Finish forward detail region truth view performance late.
528,260,Pending,831.57,2024-01-20,Medium,Patricia Salazar,2,Major box debate write public.
529,19,Processing,76.69,2024-02-11,Low,Cassidy Jones,1,Where wrong memory next.
530,215,Shipped,348.79,2024-01-19,Low,Michael Green,5,Thank enough mention however Mr avoid health.
531,260,Processing,163.86,2024-01-13,High,Megan Williamson,4,Mrs concern agree.
532,262,Processing,91.54,2024-01-19,Medium,Victoria Reyes,4,Right heavy challenge on shake most forward.
533,331,Shipped,593.28,2024-01-27,High,Michael Bryant,1,Every people economy social southern yet.
534,74,Processing,825.48,2024-01-21,High,Julia Oconnell,5,Suffer heart need reflect across have.
535,147,Shipped,551.13,2024-01-17,Low,Joshua White,1,Character manage reason in tonight.
536,26,Pending,246.83,2024-01-11,Medium,Emily Pham DDS,1,Sound consumer language certain store born.
537,418,Pending,719.7,2024-01-13,High,Melissa Hall,4,Name rule middle forget well sound us improve.
538,55,Pending,336.58,2024-01-30,Low,Cynthia Palmer,4,Sea growth could easy.
539,399,Pending,41.11,2024-01-05,Medium,Troy Huber,2,Total challenge serve let.
540,322,Shipped,964.86,2024-01-19,Low,Kevin Bell,4,Interesting sure area chance thousand safe significant.
541,241,Pending,548.03,2024-01-01,High,Cynthia Wells,3,Inside start structure fall production.
542,287,Pending,589.24,2024-01-03,Low,Julie Baker,5,And sometimes key leave reflect wife them wait.
543,94,Shipped,278.38,2024-01-03,Medium,Keith Smith,1,Thing direction participant until whole total.
544,407,Processing,378.77,2024-01-17,Medium,Lisa Shah,3,Indicate type themselves mother.
545,244,Shipped,845.43,2024-01-24,Low,Christian Harris,4,With imagine successful soldier.
546,296,Pending,561.37,2024-02-13,High,Arthur Weiss,2,Trial activity thought hospital tree.
547,4,Shipped,312.93,2024-01-03,Low,Kimberly Lin,5,Off source hospital happen listen.
548,433,Pending,478.2,2024-01-01,Low,Henry Rivera,5,Lose recent candidate drug PM despite.
549,139,Processing,927.08,2024-01-21,Low,Antonio Stewart,1,Which beat term easy participant pay it.
550,331,Processing,100.65,2024-01-13,Low,Sarah Morrison,1,I view chair together beautiful.
551,440,Shipped,482.95,2024-01-05,Low,David Robbins,4,Continue rise fine push day study.
552,471,Pending,999.92,2024-02-06,High,Steve Vazquez,5,Citizen wall require bag why himself behind.
553,43,Pending,829.38,2024-01-02,Low,Jessica Avila,1,Defense available vote mind what require.
554,330,Shipped,612.98,2024-01-21,Medium,Alexis Byrd,2,Usually animal goal value painting month.
555,31,Processing,592.24,2024-02-10,Low,Stacy Davis,3,Building front stuff test shake.
556,387,Shipped,594.56,2024-01-14,Low,Bradley Wilson,4,Fly us gas bill election kitchen only role.
557,104,Shipped,991.91,2024-01-21,Medium,Derrick Phillips,4,Whom relate once food message data investment trial.
558,128,Shipped,391.35,2024-02-07,Medium,Michael Johnson,3,Maintain hour cold training can eye.
559,253,Processing,91.82,2024-02-03,High,Angela Wood,2,Moment our huge improve police rate.
560,14,Shipped,370.74,2024-01-04,Medium,Kelly May MD,2,Wish must all.
561,464,Shipped,339.49,2024-02-08,Medium,Eric Farley,3,Subject task eat bank state message to.
562,486,Shipped,423.09,2024-01-08,Medium,Emily Bush,1,Fly toward audience lawyer stand federal.
563,87,Shipped,674.49,2024-02-13,Medium,Bryce Smith,3,Computer training beautiful often list fact year thousand.
564,413,Processing,263.42,2024-02-04,High,Jasmin Perez,4,Impact western word audience western position.
565,217,Processing,384.11,2024-01-08,Medium,Amy Rodriguez,5,Couple then century threat suddenly involve.
566,131,Pending,59.92,2024-02-13,Medium,Elizabeth Meyers,4,This million protect shoulder here travel.
567,156,Shipped,275.37,2024-01-21,High,Ronald Noble,4,Expert education mean not say.
568,228,Processing,825.12,2024-01-08,Low,Angela Taylor,1,Field analysis election control.
569,412,Processing,738.1,2024-02-05,Medium,Jacob Rocha,4,Rule who care like according early think.
570,301,Pending,82.53,2024-01-19,Medium,Bryan Harrell,5,Blood significant kid generation police.
571,166,Pending,730.88,2024-02-06,High,Bradley Moore,1,Live game environmental quality.
572,452,Shipped,913.85,2024-01-23,Medium,Sarah Mcdonald,1,Know guy key produce serve art nearly.
573,409,Processing,448.93,2024-01-21,High,Emily Patterson,2,Research position occur hit time system up.
574,330,Pending,541.6,2024-01-22,High,Melvin Wilson,3,Interest possible later those indicate process lose would.
575,94,Processing,409.02,2024-02-04,High,Ashley Hawkins DDS,2,Against step billion else fact poor your.
576,279,Processing,544.59,2024-01-01,High,Kathryn Harmon,2,Open edge tree commercial blood begin.
577,404,Processing,717.11,2024-02-12,High,Nathan Adams,4,Center house simple require just right discussion.
578,340,Pending,795.23,2024-01-20,Medium,Scott Palmer,2,This power notice law.
579,459,Shipped,382.04,2024-01-01,High,Kimberly Smith,4,Call quality western show grow.
580,238,Shipped,377.37,2024-02-12,Medium,Ryan Carson,1,Drive in even.
581,72,Pending,475.44,2024-02-12,High,Tanya Wright,4,Receive pay score her yeah game kitchen.
582,37,Shipped,417.28,2024-01-16,Low,Christopher Adams,5,Finally them later tax once authority.
583,483,Pending,331.24,2024-01-30,Low,Mr. David Woods,4,Recognize a relate people example.
584,328,Pending,570.29,2024-01-18,High,Lori Wilson,5,If leg one minute.
585,133,Pending,720.8,2024-02-03,Medium,Scott Davies,4,Form memory you.
586,103,Shipped,923.24,2024-02-12,Medium,Tamara Crawford,5,Popular then own.
587,319,Pending,196.9,2024-01-13,Low,Jennifer Davis,4,Born campaign time idea hope old myself economic.
588,17,Shipped,684.73,2024-01-30,Low,Jessica Harrison,5,Talk technology campaign room suffer decision.
589,64,Pending,247.21,2024-02-02,High,Jonathan Bates,5,Over yet catch against.
590,220,Processing,573.91,2024-02-13,Low,Anna Cox,2,Series up quickly discussion computer.
591,373,Processing,857.14,2024-01-23,Medium,Ashley Adkins,2,The tell above sense watch soon.
592,102,Shipped,876.45,2024-01-09,Low,Brittany Smith,2,Service so happy cover human present less.
593,425,Shipped,65.09,2024-02-04,Low,Michelle Howard,5,Century instead yes various include plant seem.
594,60,Shipped,880.87,2024-01-17,Low,Benjamin Young,5,Improve size activity care outside there suffer.
595,188,Pending,899.57,2024-01-20,High,Jonathan Torres,5,Same performance deep.
596,495,Pending,290.19,2024-02-09,High,John Morgan,2,Safe meeting card movie.
597,312,Pending,529.7,2024-02-10,High,Angela Serrano,1,Myself land capital across past member since too.
598,327,Pending,437.33,2024-01-08,High,David Martinez,1,I per this success economic morning analysis.
599,348,Processing,325.05,2024-01-31,Medium,Cindy West,2,Challenge bill decade model walk.
600,293,Processing,651.13,2024-02-13,High,Paul Evans,4,Success large full according eat these.
601,148,Shipped,106.8,2024-02-08,Low,Renee Manning,4,Magazine wonder beat adult service fill.
602,388,Processing,213.96,2024-01-14,Low,Megan Carpenter,5,Cold great door describe.
603,37,Pending,201.35,2024-01-13,High,Steven Castillo,3,Social fall speech from.
604,288,Shipped,533.87,2024-01-31,Low,Steve Clark,4,Easy for buy wonder technology here.
605,13,Processing,228.41,2024-01-09,Low,Jesus Brown,3,Line loss teacher gas by model.
606,419,Shipped,690.22,2024-01-11,Low,Karina Robinson,1,Respond already push animal real by left.
607,52,Shipped,629.23,2024-01-13,Medium,Mr. Robert Murray,3,Crime left put agree treat.
608,478,Pending,631.75,2024-01-18,Medium,Alan Rivera,3,Behavior laugh impact probably people.
609,339,Pending,550.9,2024-02-12,Low,Lauren Perez,2,Reduce which no offer crime girl.
610,9,Shipped,500.63,2024-01-18,Low,Crystal Stanton,1,Election article second while more military.
611,391,Shipped,789.14,2024-01-24,High,Kimberly Clark,2,Career factor since view.
612,34,Processing,608.08,2024-02-05,Low,Erin Mcgee,3,Help design though lot attorney.
613,427,Processing,92.29,2024-02-06,Low,Leonard Larsen,5,How involve daughter drop in.
614,471,Processing,527.26,2024-01-27,Low,Michael Cunningham,5,Eye more himself current public south.
615,13,Pending,943.98,2024-01-27,Medium,Robert Patterson,3,Point determine other wrong book.
616,431,Processing,729.15,2024-02-03,Medium,Marie Deleon,4,Begin throughout clearly organization guess.
617,341,Shipped,786.29,2024-01-28,Low,Eric Reilly,5,Nature more act.
618,271,Shipped,71.34,2024-01-05,Medium,John Landry,5,Parent radio beautiful election market quality.
619,255,Processing,735.45,2024-01-08,Medium,Ryan Cruz,5,Close guess hear class thought.
620,468,Processing,935.1,2024-01-03,Low,Amanda Christensen,5,Leave call administration information drug best offer.
621,355,Pending,323.34,2024-01-16,High,James Price,2,Although agree senior himself who.
622,45,Shipped,465.31,2024-01-02,Low,Michelle Garcia,4,Election story answer such could language high.
623,42,Pending,703.86,2024-01-10,High,Jean Johnson,2,Same green street reduce.
624,51,Pending,596.27,2024-02-13,High,Gary Little,4,Similar become leg produce hair where.
625,379,Shipped,139.92,2024-01-19,Low,Thomas Jones,3,Once they culture.
626,44,Shipped,425.85,2024-01-25,Medium,Michael Keller,5,Line foreign buy successful across cover against.
627,369,Pending,910.57,2024-01-27,Medium,Christina Valdez,3,Expert remain seven meeting art despite deep.
628,471,Processing,295.31,2024-02-04,Low,Charles Gallegos,1,Measure matter its born my sometimes thing every.
629,304,Processing,903.19,2024-01-12,Low,Michael Bryant,3,Call dream image major difficult friend.
630,345,Shipped,529.24,2024-01-30,Medium,Shelley Gonzalez,2,Religious food floor evening into sure next.
631,266,Processing,462.54,2024-01-23,Low,Catherine Ramos,3,Democratic street shoulder garden change gas this information.
632,237,Pending,886.05,2024-02-04,Medium,Drew Smith,2,Reach together country plan drop few.
633,76,Pending,880.84,2024-01-03,Medium,Christopher Nolan,2,Usually certainly happen example question for.
634,141,Shipped,917.62,2024-01-16,Low,Crystal Williams,1,Computer yes of indicate major could.
635,497,Processing,824.72,2024-02-02,High,Joshua Henderson,1,Although also develop take.
636,210,Pending,824.37,2024-01-15,Medium,Steven Henry,5,Center road hard.
637,332,Shipped,44.28,2024-01-28,High,Jacob Perez,3,Much join tax old anything.
638,125,Pending,634.18,2024-02-13,High,Shawn Wright,2,Series pattern past voice official.
639,180,Pending,827.42,2024-01-03,Low,Chelsea Gibson,1,Bag store already phone.
640,232,Pending,883.73,2024-01-06,High,Vanessa Stout,1,Body if industry spring site whatever push.
641,214,Shipped,309.88,2024-02-09,High,Chelsea Brown,2,Right suggest current.
642,405,Processing,487.9,2024-01-08,High,Angela Nguyen,3,Lose audience tough window such although.
643,122,Shipped,244.4,2024-01-30,High,Justin Harris,3,Quite concern condition vote discussion audience direction break.
644,108,Processing,691.73,2024-02-05,Low,Jeffrey Atkinson,3,Bed scene capital particularly.
645,444,Processing,638.86,2024-01-07,High,Courtney Hayes,4,Hard bit me trade after example.
646,105,Shipped,662.63,2024-01-03,High,Karen Alvarado,1,Marriage close find table American.
647,302,Pending,64.19,2024-02-02,High,Ryan Perez,1,Series everything question suddenly fund.
648,46,Shipped,76.12,2024-01-29,Medium,Emma Hall,1,Themselves black effect image.
649,124,Processing,470.53,2024-01-19,Low,Stephen Mccormick,3,Impact individual would wind future yet ahead.
650,339,Processing,661.46,2024-01-13,Low,Sara Braun,5,Clearly join million degree defense would glass.
651,248,Shipped,966.54,2024-01-03,Low,Michael Gomez,1,Measure deal yard in movie as.
652,205,Pending,60.16,2024-01-11,Medium,Cindy Davis,1,Campaign among major.
653,407,Processing,169.69,2024-02-09,High,Thomas Bray,2,Your show nice mention other main.
654,391,Processing,868.86,2024-01-31,High,Albert Burnett DDS,5,My among everything down very.
655,362,Shipped,569.41,2024-01-22,Low,Maria Vazquez,4,See list price single.
656,106,Pending,454.02,2024-01-30,High,Anthony Morgan DDS,3,Three capital both call put table provide player.
657,144,Pending,812.72,2024-02-10,High,Sandra Fuller,1,Present industry someone.
658,495,Pending,748.39,2024-01-07,Low,Kevin Hall,1,Challenge participant fact anything.
659,402,Processing,317.29,2024-01-20,Low,Yvette Warren,4,Different design traditional to door.
660,57,Shipped,48.67,2024-01-23,High,Molly Shaw,2,Impact point authority painting.
661,394,Pending,537.39,2024-01-17,Medium,Laurie Castillo,3,Ball really down several.
662,447,Processing,146.44,2024-01-04,Low,Juan Price,3,Move order about military likely skin.
663,260,Shipped,170.79,2024-02-04,Low,Lisa Garcia,5,When student create color along.
664,365,Pending,389.21,2024-02-04,Medium,Cindy Baker,3,Program card decide must finally.
665,422,Processing,469.13,2024-01-17,Low,Andrea Martinez,1,Than process once above room crime explain.
666,137,Processing,648.55,2024-02-08,High,Rachel Baker,4,Professional allow hope artist technology fight road.
667,272,Shipped,604.45,2024-01-02,Low,Nathan Nelson,4,Go likely soldier throw difficult purpose.
668,210,Pending,678.13,2024-02-02,Medium,Gerald Lopez,2,Beautiful lead page memory.
669,165,Pending,522.28,2024-01-20,High,Steven Richmond,4,Weight movement ground recognize recent even number.
670,493,Processing,737.91,2024-01-17,High,Jared Gill,3,Article these threat world along drug.
671,496,Pending,987.7,2024-01-05,Medium,Robert Roach,3,Activity peace again senior hot since.
672,106,Shipped,310.73,2024-01-07,High,Erin Cantu,2,Walk experience until.
673,365,Processing,875.25,2024-02-13,Medium,Denise Atkins,2,Fine series alone join staff number can.
674,239,Processing,873.25,2024-02-11,Low,Robert Gonzalez,5,Art determine finish product shoulder.
675,372,Pending,261.39,2024-02-07,Medium,Larry Frazier,1,Use level attack seek think time.
676,272,Pending,663.44,2024-01-06,Medium,Tina Jordan,4,Argue eat few focus day travel.
677,319,Shipped,352.97,2024-02-03,Medium,Amber Alvarez,1,Both table test activity husband fund brother.
678,255,Shipped,148.03,2024-02-06,Medium,Misty Taylor,4,Else offer social concern also wide not.
679,172,Shipped,968.63,2024-02-05,Medium,Ashley Branch,3,Sense wonder increase according.
680,6,Shipped,624.07,2024-02-01,Low,Amanda Salazar,2,Late pretty president trip lot economic suggest pass.
681,44,Shipped,93.83,2024-02-06,Medium,Aaron Reese,4,Someone decade very design agent some.
682,138,Pending,14.5,2024-01-16,High,Susan Howard,4,Page economy car chance people.
683,401,Processing,561.66,2024-01-10,High,Jon Moore,4,But range shake perhaps wide writer during.
684,239,Pending,319.5,2024-01-03,Low,Heather Walker,1,Way Mrs everything set activity skill rate.
685,29,Processing,833.94,2024-01-10,High,Aaron Woods PhD,1,Government statement economic audience second I.
686,89,Pending,558.91,2024-01-05,Medium,John Roberts,5,Piece pattern stand opportunity few.
687,424,Pending,814.49,2024-01-15,Medium,Sara Williams,2,Land herself structure who which bad per.
688,54,Shipped,74.65,2024-01-26,High,Sandra Foley,1,Thank fall government guess forward against friend.
689,297,Processing,212.64,2024-01-21,High,Debra Leach,4,Give artist total television decade.
690,281,Shipped,14.69,2024-01-29,Medium,Randy Miller,1,Past eight for establish.
691,77,Processing,802.11,2024-01-09,Medium,Laura Campos,2,Nothing speech executive important paper.
692,32,Processing,893.72,2024-01-19,Medium,Steven Mason,2,Near win when decade we same.
693,470,Pending,874.85,2024-02-05,High,Jane Walton,5,Center region leave goal seven.
694,489,Pending,423.61,2024-01-17,High,Jose Anderson,5,Society civil such no.
695,323,Pending,322.56,2024-01-12,High,Jennifer Robinson,5,Opportunity sister pressure lay.
696,466,Processing,641.15,2024-01-26,Low,Kimberly Dunn,4,Doctor late PM far attorney give specific mission.
697,478,Shipped,594.86,2024-01-29,High,Rebecca Cook,5,Actually officer bar become.
698,495,Pending,74.17,2024-01-28,High,Juan Davis,1,Do decade these eye PM carry take.
699,465,Processing,749.51,2024-02-05,Low,Matthew Brady,5,Can amount space management push popular.
700,404,Processing,421.24,2024-02-04,Medium,Eric Castillo,3,Hot else serious.
701,90,Processing,859.79,2024-01-29,Low,Dawn Ramirez,2,Pressure lay draw enter evidence realize executive.
702,392,Shipped,167.22,2024-01-14,Medium,Lance Price,4,Possible surface foreign cut cell society.
703,411,Shipped,327.54,2024-01-04,Medium,David Walters,2,Student they team continue.
704,250,Pending,205.71,2024-02-13,Medium,Stacy Sanders,2,Firm determine surface big candidate protect.
705,110,Processing,879.18,2024-01-11,Medium,Julia Johnson,3,Lot land year go consumer street report edge.
706,395,Processing,759.55,2024-01-01,Low,Johnny Case,2,Possible must likely.
707,78,Processing,376.32,2024-01-09,Medium,Timothy Rogers,5,Key on mission administration town.
708,210,Pending,948.64,2024-01-11,High,Travis Williams,1,Us doctor form positive.
709,485,Processing,422.67,2024-01-20,Low,Amanda Mullins,4,Section identify region watch yes fight cover theory.
710,11,Shipped,923.62,2024-01-08,Medium,Michelle Adams,2,Ago during less never loss.
711,151,Pending,940.01,2024-01-27,Low,Christopher Romero,1,Break relationship girl trial else other season animal.
712,401,Pending,827.62,2024-01-07,Low,Gavin Craig,4,To available full home executive realize.
713,300,Processing,831.76,2024-01-16,High,Nicole Rios,5,Raise describe maybe admit attention sort husband.
714,409,Shipped,366.45,2024-02-10,High,Michael Ellison,4,Leg entire box experience political cover possible ability.
715,359,Shipped,778.42,2024-02-08,High,Mackenzie Campos,3,Like author western science meeting better write.
716,191,Processing,929.18,2024-02-10,Low,Melinda Lawrence,5,Or artist this.
717,438,Processing,467.52,2024-01-26,Medium,Elizabeth Wilson DDS,4,Site this activity dinner measure.
718,391,Processing,166.5,2024-01-03,Low,Tonya Reyes,5,Service pretty summer effort our.
719,493,Processing,640.53,2024-01-28,Low,Yolanda Jones,1,Social foreign five general.
720,356,Processing,579.89,2024-01-20,High,Julie Lee,1,Cause term computer set million company.
721,264,Shipped,983.84,2024-02-05,High,Anthony Morales,5,National decade tough role cell action training.
722,111,Processing,79.75,2024-01-04,Medium,Paula Smith,4,Attention whatever enough leader carry.
723,138,Shipped,315.86,2024-01-17,Low,Alicia Cook,2,Safe real nice major everybody site course.
724,406,Shipped,396.53,2024-01-22,Medium,Marcus Jones,4,Pretty various be board.
725,151,Shipped,844.99,2024-02-03,High,Amy Patterson,2,Whole already road he feel firm whole.
726,475,Pending,659.34,2024-01-22,High,Jessica Gonzalez,4,Republican ok try responsibility their.
727,201,Pending,36.89,2024-01-07,Medium,Brandy Anderson,4,Including Mr impact black full year check alone.
728,13,Shipped,881.12,2024-01-28,High,Rachel Sherman,5,Because man million radio government red work.
729,159,Shipped,461.91,2024-01-22,Medium,Nathan Taylor,2,Star worry public sometimes worry ready end know.
730,199,Shipped,515.07,2024-01-08,High,Erica Johnson,1,Type art contain help although model.
731,229,Pending,595.53,2024-01-05,High,Dennis Meyers MD,4,Middle effect century about thought account.
732,375,Pending,69.28,2024-02-11,Low,Bruce Doyle,1,Fund star material us wide treat.
733,246,Pending,576.5,2024-01-12,High,Tyler Snow,2,Politics discussion soon someone rich major her.
734,123,Shipped,466.28,2024-02-08,Low,Matthew Mendez,2,Campaign our PM voice figure blue.
735,403,Processing,968.36,2024-01-04,Low,Michael Tanner,2,In party join become ask.
736,77,Shipped,294.47,2024-02-04,Low,Madison Peterson,3,Staff some indicate example.
737,445,Shipped,753.65,2024-01-30,Medium,Amy Vaughn,2,Individual himself federal movement little.
738,177,Shipped,132.0,2024-02-12,Low,Megan Coleman,2,Body continue if join provide.
739,125,Pending,34.84,2024-02-07,High,Christopher Rivera,3,Kind interview exist stand month every.
740,332,Processing,573.86,2024-01-13,Medium,Amy Lewis,3,Hour effort interesting whose line.
741,125,Shipped,89.82,2024-02-13,Medium,Brandon Palmer,4,Difficult shake police physical according under current.
742,211,Shipped,969.49,2024-01-16,High,Carrie Jackson,4,Television for ten a floor management campaign tough.
743,417,Shipped,76.22,2024-01-18,High,Carl Acosta,3,Sign win office official medical.
744,187,Shipped,685.64,2024-01-21,Medium,Andrew Booker,2,Above pressure direction store some.
745,202,Processing,34.75,2024-01-13,High,Kristine Lawson,4,Step chair leave crime fast your difference.
746,290,Pending,659.72,2024-01-01,High,Joshua Fuller,4,Security kind four media check.
747,348,Pending,60.51,2024-01-27,Low,Carrie Hardy,3,Enough case fill hope.
748,185,Processing,427.89,2024-01-03,Medium,Matthew Love,4,President particularly real strong never go visit according.
749,284,Shipped,298.07,2024-01-02,High,Sharon Johnson,2,Sea drug across air economic race.
750,80,Processing,147.59,2024-02-12,Medium,Benjamin Rojas,1,Onto treat popular up board important.
751,444,Shipped,310.17,2024-01-25,High,Brian Hinton,4,Chance plant western top take east.
752,75,Processing,498.53,2024-01-20,Medium,Victoria Elliott,4,Particular tonight table focus both.
753,461,Processing,984.89,2024-02-01,Medium,Lisa Campbell,5,Medical same attention modern wrong operation.
754,346,Processing,189.05,2024-01-14,High,Julie Martinez,2,Area series decide value mean moment begin.
755,363,Pending,602.04,2024-01-30,Medium,Casey Mcmahon,3,Improve war nice.
756,146,Shipped,946.41,2024-01-30,High,Jonathan Jones,4,Occur hot new walk sport.
757,296,Pending,301.42,2024-02-10,Low,Kevin Vasquez,1,Without special arm loss each watch.
758,391,Processing,426.42,2024-01-02,Medium,Mary Blake,1,Cause blood bar over talk between research.
759,163,Pending,579.11,2024-01-30,High,Phillip Owens,2,Everyone personal suddenly campaign rule kitchen.
760,67,Pending,571.57,2024-02-11,Medium,John Williams,3,Attorney race drug walk.
761,180,Shipped,250.35,2024-02-11,Low,Randy Ellis,5,Everybody specific approach experience task.
762,197,Processing,545.16,2024-02-13,High,Chad Adams,2,Movement top lay either future interest effect.
763,8,Pending,150.46,2024-01-17,High,Amy Stanley,5,Natural wall within far.
764,437,Shipped,134.81,2024-02-01,High,Timothy Webb,1,Kid affect feel hope arm.
765,316,Shipped,355.37,2024-02-08,Low,Kelli Anderson,1,Think company close conference month.
766,276,Pending,316.65,2024-01-23,Medium,Joyce Stevens,3,Democrat indeed toward first happy language under.
767,470,Shipped,433.97,2024-02-05,Medium,Michael Sutton,4,Instead seven debate law market.
768,359,Pending,887.5,2024-01-18,High,Nathan Jimenez,5,Avoid program sure phone.
769,307,Shipped,559.75,2024-01-03,Medium,Hailey Ray,1,Voice state likely though point game.
770,321,Processing,360.34,2024-02-05,Medium,Jared Turner,5,Mean type religious.
771,301,Shipped,895.18,2024-02-11,Medium,Jonathan Austin,3,Remember ability money parent almost ok right.
772,427,Pending,399.36,2024-01-26,Low,Christina Ramirez,5,Second Mr dream director example open physical.
773,430,Shipped,623.77,2024-01-10,Low,Michael Rogers,2,Every field part arm.
774,145,Processing,67.6,2024-01-10,Low,William Arroyo,1,Weight everything should say moment.
775,225,Pending,128.02,2024-02-01,High,David Morrow,4,Reduce run election.
776,341,Shipped,990.72,2024-01-07,High,Nicole Morrow,2,Data know father save allow possible reason alone.
777,102,Pending,438.9,2024-01-23,Low,Kerry Hughes,3,Laugh policy job nothing pattern quality.
778,154,Pending,69.86,2024-01-19,High,Paula Cruz,3,Film foreign choice particular attention present wife.
779,12,Shipped,497.48,2024-01-12,Low,Aaron Conway,5,Success instead budget decide collection eight level.
780,213,Shipped,572.83,2024-01-17,Low,Steven Williams,5,Long will forget.
781,28,Pending,583.09,2024-02-03,High,Benjamin Morris,3,Present evidence establish front.
782,335,Processing,854.42,2024-01-24,Low,Melissa Reyes,2,Exactly Democrat institution recently identify picture.
783,439,Pending,507.29,2024-01-17,High,Paula Obrien,4,Wide just western child.
784,66,Pending,706.47,2024-02-12,High,Anne Fisher,1,He sport piece house husband find.
785,63,Pending,82.39,2024-01-20,Medium,Christopher Martinez,1,Life because five.
786,448,Shipped,97.86,2024-01-16,High,Kelli Hernandez,1,Dog your decide though.
787,94,Processing,613.04,2024-01-26,High,Travis Norton,3,Science store by.
788,310,Pending,869.57,2024-01-30,High,Isabella Becker,3,Minute actually opportunity sometimes spring late spring.
789,479,Pending,938.3,2024-01-09,Low,Angela Davis,3,Practice interview expert politics.
790,361,Pending,429.59,2024-02-13,High,Justin Snyder,4,Door information himself join art.
791,205,Shipped,929.56,2024-01-09,Medium,Michelle Morris,3,Drive large market walk various project there.
792,128,Processing,258.01,2024-01-20,High,Antonio Byrd,1,Really rather factor above long.
793,8,Pending,723.51,2024-01-13,Low,William Thompson,3,Thousand difference nearly word read quality anyone head.
794,161,Processing,710.2,2024-01-18,High,Jonathan Martinez,5,Republican major effort.
795,462,Shipped,917.59,2024-01-12,Low,Alexander Perez,5,Best other rise subject common car attack order.
796,7,Pending,123.69,2024-02-05,Low,James Ruiz,1,Although though indeed.
797,397,Processing,200.05,2024-01-19,High,Mark Carroll,1,Though free thousand family.
798,352,Pending,333.89,2024-01-06,High,David Wilson,2,Analysis car blood unit.
799,391,Shipped,575.65,2024-01-14,Medium,Nicholas Savage,4,Different summer result blue week film.
800,395,Shipped,523.32,2024-02-02,High,Aaron Rice,5,Figure career town fall.
801,162,Pending,717.77,2024-02-11,Low,Chelsea Bates,4,Popular under too poor pretty method authority every.
802,400,Shipped,355.74,2024-01-29,Low,Richard Cortez,5,Argue clear return difficult certainly view teach.
803,473,Pending,168.41,2024-02-03,Medium,Joe Scott,1,Wish reduce administration well.
804,301,Pending,182.12,2024-01-29,High,Denise Oconnor,3,Major whether deal issue accept nearly my.
805,483,Pending,787.91,2024-01-28,High,Adam Jackson,4,Successful develop pretty usually whom.
806,32,Pending,819.13,2024-01-09,High,Taylor Hess,1,Market value across coach president best.
807,195,Processing,961.99,2024-01-22,Low,Samantha Mcclure,1,Car onto season want attack strong.
808,398,Processing,715.65,2024-02-10,High,Tracey Taylor,2,Parent real animal specific issue media street.
809,201,Pending,853.98,2024-02-04,High,Taylor Morgan,4,Choice believe oil order down.
810,126,Shipped,464.63,2024-01-02,Low,Clayton Jones,3,All past become stop.
811,436,Processing,169.21,2024-01-17,Low,Holly Kent,1,Experience life cold idea skill.
812,243,Processing,286.61,2024-02-13,High,Aaron Nguyen,5,Floor wish speech Republican understand ready focus.
813,389,Shipped,538.72,2024-02-05,Medium,Amanda Nguyen,1,Watch with medical herself occur mention scene.
814,352,Pending,516.87,2024-02-07,Medium,William Henry,5,Bed eight share begin that.
815,279,Shipped,230.68,2024-02-06,High,Jose Bowman,1,Hit difficult begin face.
816,162,Shipped,833.84,2024-01-22,Low,Diane Perry,1,Although military recent almost.
817,256,Pending,94.15,2024-02-08,Low,Mary Collins,3,Eye sometimes which pick action car.
818,116,Shipped,359.83,2024-01-02,High,Chloe Moore,4,Option save customer final vote finally certainly.
819,302,Processing,576.96,2024-01-14,High,Meghan Sullivan,5,Official son not Mr why.
820,87,Shipped,183.57,2024-01-12,High,Lori Murphy,2,Matter beyond budget building improve dinner eight.
821,299,Pending,166.83,2024-01-18,Low,Perry Cooper,2,Art some nation pass say pass.
822,266,Processing,447.36,2024-01-11,Low,Norman Moses,1,Before be attack myself time heavy.
823,35,Pending,652.18,2024-02-13,High,Riley Figueroa,5,Marriage grow organization hotel many certainly within car.
824,492,Pending,106.2,2024-02-10,Low,Rhonda Bartlett,3,Hundred blood his.
825,156,Shipped,182.11,2024-01-24,Low,Cheryl Martinez,1,Season we medical word anyone bar wish our.
826,359,Shipped,903.28,2024-02-10,Medium,Jimmy Hernandez,2,Couple public society stay.
827,88,Shipped,424.13,2024-01-27,Medium,Rebecca Turner,4,None great film food authority people.
828,93,Processing,996.34,2024-01-25,Medium,Michael Fernandez,3,Must realize hit yeah thought.
829,430,Pending,707.13,2024-02-07,Medium,Benjamin Williams,5,Third arrive community threat season important.
830,390,Shipped,268.03,2024-01-09,Medium,Jennifer Gonzalez,1,Think candidate as growth.
831,404,Shipped,313.7,2024-01-12,Low,Scott Fields,1,Television left small produce method western light window.
832,174,Processing,751.01,2024-01-16,Low,Joseph Lopez,5,Debate on send.
833,321,Shipped,226.05,2024-02-06,High,John Medina,4,Risk simply owner beat why.
834,182,Processing,757.19,2024-01-01,High,Cynthia Yu,1,Else edge get available.
835,276,Shipped,918.39,2024-02-08,Medium,Kim Arias,1,Trip consider true nearly.
836,243,Pending,447.86,2024-02-13,Medium,Michelle Ellis,2,Look teach coach probably daughter relate.
837,433,Processing,855.23,2024-01-04,Medium,Dr. Christy Adams,2,May mission everything then course.
838,65,Processing,380.68,2024-01-18,Low,David Cole,3,So she garden performance toward senior animal.
839,23,Pending,847.43,2024-01-20,Low,Brian Thompson,5,Environment south hope a draw anything yes.
840,338,Processing,199.34,2024-02-06,Medium,Scott Mathis,2,Property alone expert listen third.
841,368,Shipped,142.72,2024-01-26,Low,Stephen Proctor,2,Also leg get church set choose business.
842,265,Pending,122.32,2024-01-12,Low,Anne Walker,5,College return cut land particularly tax mean score.
843,463,Shipped,421.21,2024-01-07,Low,Margaret Garcia,2,Speak speech owner upon something.
844,56,Pending,171.41,2024-01-21,Low,Janet Andrews,3,Into nation house short may.
845,493,Pending,752.17,2024-01-23,High,Carol Miller,5,Old safe others dinner.
846,42,Processing,669.39,2024-01-10,High,Jill Gomez,4,More street work place dinner region fear continue.
847,192,Pending,497.49,2024-01-17,Medium,Eric Martinez,1,Sure everybody foot.
848,406,Processing,66.24,2024-01-20,Low,Ryan Cruz,4,Country it usually teach message feeling speak difficult.
849,258,Processing,997.93,2024-01-08,Low,Tricia Gonzales,4,Around case necessary produce.
850,189,Processing,938.98,2024-01-24,Medium,Maria Brown,2,Southern organization job find blood laugh particularly.
851,330,Shipped,772.0,2024-01-07,Low,Dustin Raymond,4,Child race determine foreign partner generation of.
852,143,Pending,996.26,2024-01-25,Medium,Megan Mendez,5,Difficult control woman half.
853,348,Shipped,744.8,2024-01-12,Medium,Mary Tucker,5,Least ok back.
854,335,Processing,923.71,2024-02-09,Medium,Jeremy Hill,2,Could letter often address amount.
855,351,Processing,986.94,2024-01-03,Medium,Lauren Simmons,5,Lawyer customer others really send language technology.
856,48,Shipped,603.71,2024-01-24,High,Heidi Roberts,4,If if direction glass degree main hope.
857,474,Pending,762.67,2024-02-06,Medium,Matthew Knight,2,Generation anyone a he.
858,419,Processing,417.6,2024-01-05,High,Wendy Cox,1,Want cold light skill.
859,50,Pending,399.27,2024-01-21,High,James Khan,4,Individual policy just by.
860,149,Shipped,608.36,2024-02-06,High,Lauren Foster,5,Look citizen foreign phone eye final machine point.
861,172,Pending,915.91,2024-02-03,High,Brittany Evans,1,Meeting same they.
862,162,Processing,232.04,2024-02-11,High,Jillian Rodriguez,5,Happy maintain history.
863,121,Pending,759.54,2024-01-10,Low,Kaitlyn Williams,3,Of charge north simple.
864,292,Shipped,89.51,2024-02-08,High,Bradley Peterson,1,In full something present.
865,466,Processing,572.81,2024-01-05,Low,Shane Christensen,1,Discover area what end first tonight.
866,404,Processing,284.89,2024-01-14,Low,Meghan Collins,2,Professor house low.
867,376,Processing,277.78,2024-01-10,High,Dr. Laura Harrison,1,Hear difficult price life among president study.
868,43,Processing,617.61,2024-01-17,Low,Mr. Mark Lopez,3,Wish through choice describe wish walk itself.
869,77,Pending,936.58,2024-01-23,Low,Casey Hall,1,Letter either particular price.
870,479,Processing,539.71,2024-01-02,Low,Brent Murphy,5,Its young note soldier.
871,265,Pending,914.8,2024-02-05,Medium,Gregory Gutierrez,5,Partner enough project.
872,325,Processing,229.43,2024-01-27,Medium,Robert Griffin,1,Arrive material can well where inside man blood.
873,143,Processing,897.63,2024-02-08,Medium,Brandon Gonzalez,2,Even must anything medical system church first thank.
874,362,Pending,601.44,2024-01-06,Low,Sean Johnson,1,Happen traditional together out sing.
875,482,Processing,295.95,2024-01-21,Medium,Melissa Norris,1,North unit customer design sometimes join administration around.
876,433,Shipped,853.48,2024-02-12,High,Alison Fleming,2,Sister ability send.
877,258,Shipped,538.51,2024-02-07,Low,Marco Ellis,5,Wonder girl necessary artist method capital nothing.
878,465,Shipped,613.95,2024-01-05,Low,Jackson Andrade,2,Perform realize radio recognize.
879,303,Pending,457.23,2024-02-06,Medium,Donna Foster,3,Baby fill list physical.
880,209,Shipped,515.47,2024-01-05,Medium,Tara Hoffman,3,Speak bill anything evidence.
881,480,Processing,112.78,2024-02-11,Low,Richard Potts,3,Prove stand perhaps than his.
882,313,Shipped,300.57,2024-02-01,High,Tammy Myers,3,Wife write recent check name.
883,414,Processing,507.94,2024-01-05,Low,Derrick Johnson,1,Station visit prevent major around main value.
884,215,Pending,814.38,2024-02-02,Medium,Christopher Hernandez,5,Nation its laugh news spring other.
885,478,Pending,611.66,2024-02-11,Low,Stephanie Cox,3,Professional stock fill try prove.
886,486,Pending,62.64,2024-01-20,Low,Douglas Perry,3,Keep mother somebody place but PM speak.
887,367,Shipped,685.53,2024-01-30,Medium,Mariah Carr,4,Apply nothing could there start job send yeah.
888,452,Processing,875.78,2024-02-08,Medium,Ethan Delgado,2,Seem imagine standard read as meet consumer.
889,345,Shipped,804.27,2024-01-11,Low,Ashley Dennis,1,Information subject TV live.
890,329,Pending,999.09,2024-01-12,Medium,David Wong,3,Sometimes key act any.
891,214,Processing,331.3,2024-01-23,Low,Dustin Davis,5,Question hope among authority speak.
892,249,Shipped,377.47,2024-02-10,Low,Carlos Murray,3,Listen pull identify.
893,281,Pending,153.57,2024-01-27,Low,Danielle Johnston,3,National second always seat avoid each indicate.
894,286,Pending,914.29,2024-01-29,Medium,Matthew Diaz,2,Main again along open.
895,140,Pending,535.2,2024-01-18,Low,Christopher Fields,4,Scientist forward level yet talk discuss.
896,206,Pending,973.45,2024-01-06,Medium,Patricia Acosta MD,5,Unit even talk hour purpose I.
897,385,Shipped,889.49,2024-02-01,Low,Robert Butler,1,Answer billion deep space.
898,412,Pending,610.61,2024-01-19,Low,Terry Barker,5,Always seek develop station describe.
899,313,Processing,208.91,2024-01-12,Low,Jasmine Lopez,4,Be peace herself evening.
900,112,Shipped,64.17,2024-01-10,Low,William Krause,3,Form guess meet office perform race major.
901,302,Shipped,808.84,2024-01-14,Low,Michael Pollard,5,Street Congress treatment chance big save.
902,228,Shipped,941.41,2024-01-02,High,Melanie Horn,1,Establish ten suggest because long wide new score.
903,219,Shipped,365.61,2024-01-20,High,Alicia Hughes,1,Under soldier enough money.
904,190,Shipped,388.09,2024-01-30,Medium,Meghan Ross,3,Possible national movie worry meeting.
905,456,Shipped,382.3,2024-01-11,Low,Wayne Yoder,3,North trade plan interesting sometimes.
906,160,Processing,286.56,2024-01-05,Medium,Shawn Washington,1,Skin sing nice system election.
907,91,Shipped,981.94,2024-02-11,Low,Michael Diaz,4,Leg sea spring experience her.
908,221,Shipped,531.99,2024-02-04,Medium,Robert Alvarado,5,Society collection form anything type.
909,96,Shipped,937.27,2024-01-26,High,Mariah Austin,3,Cell truth city trial.
910,188,Shipped,683.03,2024-01-06,High,Rachael Hernandez,5,For class table add.
911,419,Pending,257.77,2024-02-06,Low,Noah Harding,2,Bed other financial success.
912,140,Processing,322.33,2024-01-07,Low,Robert Gray,3,Describe accept less matter require to.
913,357,Pending,663.21,2024-01-26,High,David Mason,4,Much any likely place.
914,37,Processing,81.11,2024-01-06,Low,Angela Smith,1,Couple light bring return detail money.
915,59,Shipped,665.76,2024-01-22,Medium,Rebecca Stevens,5,Finish require morning audience thought threat yourself.
916,93,Shipped,604.64,2024-02-02,Low,Wesley Rollins,4,Wide method tough garden something loss every father.
917,438,Shipped,660.68,2024-02-05,High,Mitchell Butler,1,Seat brother make maintain cost network argue.
918,62,Pending,542.32,2024-01-21,Low,Scott Munoz,4,Individual near interview.
919,73,Processing,640.62,2024-02-11,Low,Susan Harrington,1,Professor notice hit strong.
920,495,Processing,530.98,2024-01-10,Low,Kelsey Turner,2,Finish above a type respond position.
921,180,Processing,237.15,2024-01-31,High,Wendy Chavez,1,Address law whom ground blood sort mention.
922,360,Processing,427.4,2024-01-23,Low,Dustin Dorsey,2,Speak who least drive sound region.
923,197,Shipped,172.69,2024-01-23,Medium,Blake Cummings,3,Fear road give center.
924,327,Pending,241.69,2024-01-11,Low,Thomas Moore,2,Happy young family relate material.
925,377,Pending,254.49,2024-01-28,Medium,Hannah Lee,5,Clear defense myself past.
926,486,Shipped,647.5,2024-01-02,Medium,Randy Bradley,3,Figure yet drug use cultural.
927,144,Pending,76.31,2024-02-08,Low,Deborah Parker,3,Develop however knowledge different I matter.
928,56,Pending,661.37,2024-01-03,High,Carlos Miller,3,Home sign if concern attention work.
929,379,Pending,255.29,2024-01-15,High,Scott Fox,3,Recently five necessary night politics.
930,221,Processing,622.83,2024-02-12,Low,Gary Martinez,4,Teach mouth school bill happy end.
931,23,Processing,848.7,2024-02-11,Low,Nicole Cabrera,4,Loss manager sing body.
932,92,Pending,783.73,2024-01-19,Medium,Daniel Jones,1,Decision always method area hospital.
933,322,Pending,462.76,2024-01-10,Low,Daniel Harrison,4,Energy hit this.
934,126,Pending,734.49,2024-01-07,Low,Katie Willis,3,Meeting TV ahead red.
935,357,Pending,660.02,2024-01-23,Medium,Scott Villarreal,3,Try body not guy.
936,179,Processing,632.1,2024-01-15,Low,Ronnie Brown,3,Leg really staff chair ability.
937,413,Shipped,700.56,2024-01-28,Low,Amy Smith,1,Test list consider though reason.
938,184,Shipped,464.18,2024-01-09,Medium,David Conrad,5,Quickly want stand better trade floor.
939,8,Shipped,791.61,2024-02-06,Low,Regina Sanchez,5,Allow be read.
940,11,Shipped,707.72,2024-01-06,Medium,Joe Durham,2,Home care yeah have.
941,169,Shipped,399.83,2024-01-07,High,Shannon Coleman,4,Senior way road sometimes firm policy country.
942,303,Pending,736.25,2024-01-28,Medium,Marco Johnson,3,Trouble civil human dream phone huge oil.
943,144,Pending,981.34,2024-01-31,High,Heather Mann,5,Common single current action represent situation hand.
944,354,Pending,404.45,2024-01-14,High,Walter Lopez,3,General help century section ten region.
945,12,Processing,449.34,2024-01-22,Low,Karen Powell,5,Build event assume tree at.
946,489,Shipped,325.93,2024-01-14,High,Edgar Austin,5,Both night money find deep call.
947,10,Processing,882.74,2024-01-27,High,Abigail Morgan,1,Decide nearly coach.
948,88,Pending,66.98,2024-02-10,Low,Beth Murphy,4,Admit decade their church because never so.
949,483,Processing,374.16,2024-01-28,Low,Michael Ruiz,4,Class indeed avoid summer economic.
950,495,Pending,710.79,2024-02-09,Low,Natalie Osborne,2,Campaign quality set improve reach.
951,222,Processing,708.3,2024-02-01,High,Connor Carpenter,1,Stuff computer recent employee positive guess.
952,170,Shipped,330.86,2024-01-27,Low,Ashley Richardson,1,Wall race particular bank really level director.
953,316,Pending,987.3,2024-02-09,Low,Julie Rodriguez,3,Want continue respond rock for.
954,42,Pending,259.52,2024-01-02,High,Danielle Walker,5,Care smile network factor.
955,435,Processing,823.9,2024-01-04,Low,Patricia Cook DVM,1,Design role through.
956,127,Pending,261.1,2024-02-05,High,Randall Richards,4,Report everything decide believe culture detail.
957,36,Pending,864.28,2024-01-06,High,James Stone,5,Education your bring responsibility enter.
958,16,Processing,66.98,2024-01-17,Medium,Kayla Roman,4,Somebody its house behavior indeed together.
959,160,Shipped,152.54,2024-01-20,Low,Alison Lambert,5,Range finish writer find save.
960,18,Shipped,801.8,2024-02-12,Low,Nathaniel Lyons,1,Senior deep result health.
961,241,Processing,974.35,2024-01-12,Low,Jenna Carter,5,Everybody thank produce.
962,56,Shipped,115.08,2024-01-07,Medium,Brittany Rodriguez,5,Space box spring safe join industry.
963,456,Pending,754.59,2024-01-10,Medium,Anna Jones,2,City hotel former bed.
964,110,Processing,886.99,2024-01-22,Low,Andrea Daniels,5,Popular work true.
965,458,Shipped,192.6,2024-01-19,Medium,Jill Lamb,1,Sister hot brother stay second way age.
966,176,Processing,204.38,2024-01-17,Low,Julian Boyle,4,World federal key available subject buy produce environment.
967,372,Pending,435.23,2024-01-29,High,Timothy Farmer,4,Window entire while place describe.
968,183,Processing,900.87,2024-02-07,Low,Elizabeth Schmitt,2,Share skin administration recently accept teach other story.
969,335,Processing,605.95,2024-01-07,Low,Angela Bowen,5,Attack dream expect have table.
970,422,Processing,287.95,2024-01-24,Low,David Michael,5,Design know wrong receive spend today half.
971,468,Processing,207.18,2024-01-28,Medium,David Fletcher,3,Argue my television everyone white Mrs seem.
972,481,Pending,581.95,2024-02-12,High,Christopher Shannon,2,Matter site radio purpose sound why lawyer.
973,273,Pending,24.65,2024-02-10,High,David Garcia,1,Particular take make five food.
974,233,Shipped,315.64,2024-01-15,Medium,Carrie Monroe,1,Opportunity computer east through.
975,124,Shipped,360.56,2024-01-07,High,Amy Mccullough,4,How theory see interesting direction walk question.
976,367,Processing,805.94,2024-01-06,Low,Derek Bird,3,Scientist during indicate person kitchen.
977,123,Processing,83.18,2024-02-01,High,Victoria Tucker,5,Movie approach turn purpose bag wear.
978,38,Pending,690.56,2024-01-24,Medium,Scott Miller,2,Community alone daughter act shoulder talk.
979,394,Processing,682.77,2024-01-22,Low,Ronald Morales,1,Future of trade glass around about.
980,176,Processing,592.83,2024-02-11,Low,Dustin Howell,4,Discussion simply help member more able mother.
981,334,Processing,737.61,2024-02-02,Medium,Brenda Mccarty,5,Production order different expert.
982,448,Shipped,381.96,2024-01-29,Low,Paul Johnson,2,Up hard card into catch necessary.
983,126,Shipped,769.41,2024-01-30,Medium,Joshua Bradley,4,Goal year argue suddenly especially consider there language.
984,168,Processing,531.55,2024-01-28,High,David Owens,5,History computer support career doctor much sea.
985,371,Processing,848.01,2024-01-21,Medium,Dawn Griffin,1,Nature pay always choice audience inside tree reflect.
986,230,Processing,56.72,2024-01-18,Low,Michael Green,2,Sense memory minute myself somebody.
987,75,Shipped,334.26,2024-01-19,Medium,Philip Miller,4,Choice think win step.
988,121,Shipped,513.77,2024-01-27,High,Stuart Smith,2,Perform until sense pull short low yes.
989,173,Pending,41.0,2024-01-02,High,Bradley Le,3,Everyone television which.
990,40,Shipped,606.25,2024-02-04,Medium,Taylor Bautista,4,Common investment option second.
991,333,Pending,759.68,2024-01-04,High,Courtney Jones,5,Bank stop understand notice role professor member hard.
992,295,Shipped,865.09,2024-02-05,High,Kimberly Ramirez,3,Myself but method.
993,313,Pending,622.07,2024-02-01,Low,Randy Hudson,1,Age law example would.
994,457,Processing,76.16,2024-01-15,Low,Vanessa Fry,3,Have keep tree current upon read air.
995,130,Pending,768.15,2024-01-27,Low,William Molina,2,Machine medical weight.
996,244,Shipped,35.86,2024-01-10,High,James Garrett,2,Difficult total include friend reason see.
997,25,Pending,368.38,2024-01-10,Low,Anthony Webb,2,Institution officer second.
998,412,Processing,822.48,2024-01-07,High,Tim Howell,1,Hour stuff nor first kid far manager.
999,140,Pending,206.61,2024-01-13,Low,Leslie Turner,5,Toward party society.
1000,273,Shipped,378.44,2024-01-28,High,Nicholas Mendez,4,Forward card adult tonight.
